0,1,2,3,4,5,6,7,8,9,10,11,12,13,14,15,16,17,18,19,20,21,22,23,24,25,26,27,28,29,30,31,32,33,34,35,36,37,38,39,40,41,42,43,44,45,46,47,48,49,50,51,52,53,54,55,56,57,58,59,60,61,62,63,64,65,66,67,68,69,70,71,72,73,74,75,76,77,78,79,80,81,82,83,84,85,86,87,88,89,90,91,92,93,94,95,96,97,98,99,100,101,102,103,104,105,106,107,108,109,110,111,112,113,114,115,116,117,118,119,120,121,122,123,124,125,126,127,128,129,130,131,132,133,134,135,136,137,138,139,140,141,142,143,144,145,146,147,148,149,150,151,152,153,154,155,156,157,158,159,160,161,162,163,164,165,166,167,168,169,170,171,172,173,174,175,176,177,178,179,180,181,182,183,184,185,186,187,188,189,190,191,192,193,194,195,196,197,198,199,200,201,202,203,204,205,206,207,208,209,210,211,212,213,214,215,216,217,218,219
http://cdo.keu.kz/content/6/5/1/1.htm,http://cdo.keu.kz/content/6/5/5.htm,http://cdo.keu.kz/content/6/5/ver5.htm,,,,,,,,,,,,,,,,,,,,,,,,,,,,,,,,,,,,,,,,,,,,,,,,,,,,,,,,,,,,,,,,,,,,,,,,,,,,,,,,,,,,,,,,,,,,,,,,,,,,,,,,,,,,,,,,,,,,,,,,,,,,,,,,,,,,,,,,,,,,,,,,,,,,,,,,,,,,,,,,,,,,,,,,,,,,,,,,,,,,,,,,,,,,,,,,,,,,,,,,,,,,,,,,,,,,,,,,,
http://cdo.keu.kz/content/25/24/tests.files/filelist.xml,http://cdo.keu.kz/content/25/24/tests.files/image001.wmz,http://cdo.keu.kz/content/25/24/tests.files/image002.gif,http://cdo.keu.kz/content/25/24/tests.files/oledata.mso,http://cdo.keu.kz/content/25/24/tests.htm,,,,,,,,,,,,,,,,,,,,,,,,,,,,,,,,,,,,,,,,,,,,,,,,,,,,,,,,,,,,,,,,,,,,,,,,,,,,,,,,,,,,,,,,,,,,,,,,,,,,,,,,,,,,,,,,,,,,,,,,,,,,,,,,,,,,,,,,,,,,,,,,,,,,,,,,,,,,,,,,,,,,,,,,,,,,,,,,,,,,,,,,,,,,,,,,,,,,,,,,,,,,,,,,,,,,,,,
http://cdo.keu.kz/content/26/25/test.htm,,,,,,,,,,,,,,,,,,,,,,,,,,,,,,,,,,,,,,,,,,,,,,,,,,,,,,,,,,,,,,,,,,,,,,,,,,,,,,,,,,,,,,,,,,,,,,,,,,,,,,,,,,,,,,,,,,,,,,,,,,,,,,,,,,,,,,,,,,,,,,,,,,,,,,,,,,,,,,,,,,,,,,,,,,,,,,,,,,,,,,,,,,,,,,,,,,,,,,,,,,,,,,,,,,,,,,,,,,,
http://cdo.keu.kz/content/27/26/26.htm,http://cdo.keu.kz/content/27/26/gl.files/filelist.xml,http://cdo.keu.kz/content/27/26/gl.files/image001.gif,http://cdo.keu.kz/content/27/26/gl.files/image002.gif,http://cdo.keu.kz/content/27/26/gl.files/image003.gif,http://cdo.keu.kz/content/27/26/gl.files/image004.png,http://cdo.keu.kz/content/27/26/gl.files/image005.gif,http://cdo.keu.kz/content/27/26/gl.files/image006.png,http://cdo.keu.kz/content/27/26/gl.files/image007.gif,http://cdo.keu.kz/content/27/26/gl.files/image008.png,http://cdo.keu.kz/content/27/26/gl.files/image009.gif,http://cdo.keu.kz/content/27/26/gl.files/image010.png,http://cdo.keu.kz/content/27/26/gl.files/image011.gif,http://cdo.keu.kz/content/27/26/gl.files/image012.png,http://cdo.keu.kz/content/27/26/gl.files/image013.gif,http://cdo.keu.kz/content/27/26/gl.files/image014.gif,http://cdo.keu.kz/content/27/26/gl.files/image015.gif,http://cdo.keu.kz/content/27/26/gl.files/image016.gif,http://cdo.keu.kz/content/27/26/gl.files/image017.gif,http://cdo.keu.kz/content/27/26/gl.htm,,,,,,,,,,,,,,,,,,,,,,,,,,,,,,,,,,,,,,,,,,,,,,,,,,,,,,,,,,,,,,,,,,,,,,,,,,,,,,,,,,,,,,,,,,,,,,,,,,,,,,,,,,,,,,,,,,,,,,,,,,,,,,,,,,,,,,,,,,,,,,,,,,,,,,,,,,,,,,,,,,,,,,,,,,,,,,,,,,,,,,,,,,,,,,,,,,,,,,,,
http://cdo.keu.kz/content/28/27/27.htm,http://cdo.keu.kz/content/28/27/gl.files/filelist.xml,http://cdo.keu.kz/content/28/27/gl.files/image001.gif,http://cdo.keu.kz/content/28/27/gl.files/image002.gif,http://cdo.keu.kz/content/28/27/gl.files/image003.gif,http://cdo.keu.kz/content/28/27/gl.files/image004.png,http://cdo.keu.kz/content/28/27/gl.files/image005.gif,http://cdo.keu.kz/content/28/27/gl.files/image006.png,http://cdo.keu.kz/content/28/27/gl.files/image007.gif,http://cdo.keu.kz/content/28/27/gl.files/image008.png,http://cdo.keu.kz/content/28/27/gl.files/image009.gif,http://cdo.keu.kz/content/28/27/gl.files/image010.png,http://cdo.keu.kz/content/28/27/gl.files/image011.gif,http://cdo.keu.kz/content/28/27/gl.files/image012.png,http://cdo.keu.kz/content/28/27/gl.files/image013.gif,http://cdo.keu.kz/content/28/27/gl.files/image014.gif,http://cdo.keu.kz/content/28/27/gl.files/image015.gif,http://cdo.keu.kz/content/28/27/gl.files/image016.gif,http://cdo.keu.kz/content/28/27/gl.files/image017.gif,http://cdo.keu.kz/content/28/27/gl.htm,,,,,,,,,,,,,,,,,,,,,,,,,,,,,,,,,,,,,,,,,,,,,,,,,,,,,,,,,,,,,,,,,,,,,,,,,,,,,,,,,,,,,,,,,,,,,,,,,,,,,,,,,,,,,,,,,,,,,,,,,,,,,,,,,,,,,,,,,,,,,,,,,,,,,,,,,,,,,,,,,,,,,,,,,,,,,,,,,,,,,,,,,,,,,,,,,,,,,,,,
http://cdo.keu.kz/content/29/28/2/2.htm,http://cdo.keu.kz/content/29/28/28.htm,,,,,,,,,,,,,,,,,,,,,,,,,,,,,,,,,,,,,,,,,,,,,,,,,,,,,,,,,,,,,,,,,,,,,,,,,,,,,,,,,,,,,,,,,,,,,,,,,,,,,,,,,,,,,,,,,,,,,,,,,,,,,,,,,,,,,,,,,,,,,,,,,,,,,,,,,,,,,,,,,,,,,,,,,,,,,,,,,,,,,,,,,,,,,,,,,,,,,,,,,,,,,,,,,,,,,,,,,,
http://cdo.keu.kz/content/32/31/10/10.htm,http://cdo.keu.kz/content/32/31/11/11.htm,http://cdo.keu.kz/content/32/31/12/12.htm,http://cdo.keu.kz/content/32/31/3/3.htm,http://cdo.keu.kz/content/32/31/31.htm,http://cdo.keu.kz/content/32/31/4/4.htm,http://cdo.keu.kz/content/32/31/5/5.htm,http://cdo.keu.kz/content/32/31/6/6.htm,http://cdo.keu.kz/content/32/31/7/7.htm,http://cdo.keu.kz/content/32/31/8/8.htm,http://cdo.keu.kz/content/32/31/9/9.htm,,,,,,,,,,,,,,,,,,,,,,,,,,,,,,,,,,,,,,,,,,,,,,,,,,,,,,,,,,,,,,,,,,,,,,,,,,,,,,,,,,,,,,,,,,,,,,,,,,,,,,,,,,,,,,,,,,,,,,,,,,,,,,,,,,,,,,,,,,,,,,,,,,,,,,,,,,,,,,,,,,,,,,,,,,,,,,,,,,,,,,,,,,,,,,,,,,,,,,,,,,,,,,,,,
http://cdo.keu.kz/content/33/32/13/13.htm,http://cdo.keu.kz/content/33/32/14/14.htm,http://cdo.keu.kz/content/33/32/15/15.htm,http://cdo.keu.kz/content/33/32/16/16.htm,http://cdo.keu.kz/content/33/32/17/17.htm,http://cdo.keu.kz/content/33/32/18/18.htm,http://cdo.keu.kz/content/33/32/19/19.htm,http://cdo.keu.kz/content/33/32/20/20.htm,http://cdo.keu.kz/content/33/32/32.htm,http://cdo.keu.kz/content/33/32/gl.files/filelist.xml,http://cdo.keu.kz/content/33/32/gl.files/image001.gif,http://cdo.keu.kz/content/33/32/gl.files/image002.gif,http://cdo.keu.kz/content/33/32/gl.files/image003.gif,http://cdo.keu.kz/content/33/32/gl.files/image004.png,http://cdo.keu.kz/content/33/32/gl.files/image005.gif,http://cdo.keu.kz/content/33/32/gl.files/image006.png,http://cdo.keu.kz/content/33/32/gl.files/image007.gif,http://cdo.keu.kz/content/33/32/gl.files/image008.png,http://cdo.keu.kz/content/33/32/gl.files/image009.gif,http://cdo.keu.kz/content/33/32/gl.files/image010.png,http://cdo.keu.kz/content/33/32/gl.files/image011.gif,http://cdo.keu.kz/content/33/32/gl.files/image012.png,http://cdo.keu.kz/content/33/32/gl.files/image013.gif,http://cdo.keu.kz/content/33/32/gl.files/image014.gif,http://cdo.keu.kz/content/33/32/gl.files/image015.gif,http://cdo.keu.kz/content/33/32/gl.files/image016.gif,http://cdo.keu.kz/content/33/32/gl.files/image017.gif,http://cdo.keu.kz/content/33/32/gl.files/image018.gif,http://cdo.keu.kz/content/33/32/gl.files/image019.gif,http://cdo.keu.kz/content/33/32/gl.files/image020.gif,http://cdo.keu.kz/content/33/32/gl.files/image021.gif,http://cdo.keu.kz/content/33/32/gl.files/image022.gif,http://cdo.keu.kz/content/33/32/gl.files/image023.gif,,,,,,,,,,,,,,,,,,,,,,,,,,,,,,,,,,,,,,,,,,,,,,,,,,,,,,,,,,,,,,,,,,,,,,,,,,,,,,,,,,,,,,,,,,,,,,,,,,,,,,,,,,,,,,,,,,,,,,,,,,,,,,,,,,,,,,,,,,,,,,,,,,,,,,,,,,,,,,,,,,,,,,,,,,,,,,,,,,,,,,,,,,,
http://cdo.keu.kz/content/34/33/33.htm,http://cdo.keu.kz/content/34/33/lection.files/filelist.xml,http://cdo.keu.kz/content/34/33/lection.files/header.htm,http://cdo.keu.kz/content/34/33/lection.files/image001.wmz,http://cdo.keu.kz/content/34/33/lection.files/image002.gif,http://cdo.keu.kz/content/34/33/lection.files/image003.gif,http://cdo.keu.kz/content/34/33/lection.files/image004.png,http://cdo.keu.kz/content/34/33/lection.files/image005.jpg,http://cdo.keu.kz/content/34/33/lection.files/image006.png,http://cdo.keu.kz/content/34/33/lection.files/image007.jpg,http://cdo.keu.kz/content/34/33/lection.files/image008.png,http://cdo.keu.kz/content/34/33/lection.files/image009.jpg,http://cdo.keu.kz/content/34/33/lection.files/image010.png,http://cdo.keu.kz/content/34/33/lection.files/image011.jpg,http://cdo.keu.kz/content/34/33/lection.files/image012.png,http://cdo.keu.kz/content/34/33/lection.files/image013.jpg,http://cdo.keu.kz/content/34/33/lection.files/image014.png,http://cdo.keu.kz/content/34/33/lection.files/image015.jpg,http://cdo.keu.kz/content/34/33/lection.files/image016.png,http://cdo.keu.kz/content/34/33/lection.files/image017.jpg,http://cdo.keu.kz/content/34/33/lection.files/image018.png,http://cdo.keu.kz/content/34/33/lection.files/image019.jpg,http://cdo.keu.kz/content/34/33/lection.files/image020.png,http://cdo.keu.kz/content/34/33/lection.files/image021.jpg,http://cdo.keu.kz/content/34/33/lection.files/image022.png,http://cdo.keu.kz/content/34/33/lection.files/image023.jpg,http://cdo.keu.kz/content/34/33/lection.files/image024.png,http://cdo.keu.kz/content/34/33/lection.files/image025.jpg,http://cdo.keu.kz/content/34/33/lection.files/image026.png,http://cdo.keu.kz/content/34/33/lection.files/image027.jpg,http://cdo.keu.kz/content/34/33/lection.files/image028.png,http://cdo.keu.kz/content/34/33/lection.files/image029.jpg,http://cdo.keu.kz/content/34/33/lection.files/image030.png,http://cdo.keu.kz/content/34/33/lection.files/image031.jpg,http://cdo.keu.kz/content/34/33/lection.files/image032.png,http://cdo.keu.kz/content/34/33/lection.files/image033.jpg,http://cdo.keu.kz/content/34/33/lection.files/image034.png,http://cdo.keu.kz/content/34/33/lection.files/image035.jpg,http://cdo.keu.kz/content/34/33/lection.files/image036.png,http://cdo.keu.kz/content/34/33/lection.files/image037.jpg,http://cdo.keu.kz/content/34/33/lection.files/image038.png,http://cdo.keu.kz/content/34/33/lection.files/image039.jpg,http://cdo.keu.kz/content/34/33/lection.files/image040.png,http://cdo.keu.kz/content/34/33/lection.files/image041.jpg,http://cdo.keu.kz/content/34/33/lection.files/image042.png,http://cdo.keu.kz/content/34/33/lection.files/image043.jpg,http://cdo.keu.kz/content/34/33/lection.files/image044.gif,http://cdo.keu.kz/content/34/33/lection.files/image045.png,http://cdo.keu.kz/content/34/33/lection.files/image046.jpg,http://cdo.keu.kz/content/34/33/lection.files/image047.png,http://cdo.keu.kz/content/34/33/lection.files/image048.jpg,http://cdo.keu.kz/content/34/33/lection.files/image049.png,http://cdo.keu.kz/content/34/33/lection.files/image050.jpg,http://cdo.keu.kz/content/34/33/lection.files/image051.wmz,http://cdo.keu.kz/content/34/33/lection.files/image052.gif,http://cdo.keu.kz/content/34/33/lection.files/image053.wmz,http://cdo.keu.kz/content/34/33/lection.files/image054.gif,http://cdo.keu.kz/content/34/33/lection.files/image055.wmz,http://cdo.keu.kz/content/34/33/lection.files/image056.gif,http://cdo.keu.kz/content/34/33/lection.files/image057.wmz,http://cdo.keu.kz/content/34/33/lection.files/image058.gif,http://cdo.keu.kz/content/34/33/lection.files/image059.wmz,http://cdo.keu.kz/content/34/33/lection.files/image060.gif,http://cdo.keu.kz/content/34/33/lection.files/image061.wmz,http://cdo.keu.kz/content/34/33/lection.files/image062.gif,http://cdo.keu.kz/content/34/33/lection.files/image063.gif,http://cdo.keu.kz/content/34/33/lection.files/image064.gif,http://cdo.keu.kz/content/34/33/lection.files/image065.gif,http://cdo.keu.kz/content/34/33/lection.files/image066.wmz,http://cdo.keu.kz/content/34/33/lection.files/image067.gif,http://cdo.keu.kz/content/34/33/lection.files/image068.gif,http://cdo.keu.kz/content/34/33/lection.files/image069.wmz,http://cdo.keu.kz/content/34/33/lection.files/image070.gif,http://cdo.keu.kz/content/34/33/lection.files/image071.wmz,http://cdo.keu.kz/content/34/33/lection.files/image072.gif,http://cdo.keu.kz/content/34/33/lection.files/image073.gif,http://cdo.keu.kz/content/34/33/lection.files/image074.gif,http://cdo.keu.kz/content/34/33/lection.files/image075.jpg,http://cdo.keu.kz/content/34/33/lection.files/image076.jpg,http://cdo.keu.kz/content/34/33/lection.files/image077.gif,http://cdo.keu.kz/content/34/33/lection.files/image078.png,http://cdo.keu.kz/content/34/33/lection.files/image079.jpg,http://cdo.keu.kz/content/34/33/lection.files/image080.png,http://cdo.keu.kz/content/34/33/lection.files/image081.png,http://cdo.keu.kz/content/34/33/lection.files/image082.gif,http://cdo.keu.kz/content/34/33/lection.files/image083.png,http://cdo.keu.kz/content/34/33/lection.files/image084.jpg,http://cdo.keu.kz/content/34/33/lection.files/image085.png,http://cdo.keu.kz/content/34/33/lection.files/image086.jpg,http://cdo.keu.kz/content/34/33/lection.files/image087.png,http://cdo.keu.kz/content/34/33/lection.files/image088.png,http://cdo.keu.kz/content/34/33/lection.files/image089.gif,http://cdo.keu.kz/content/34/33/lection.files/image090.png,http://cdo.keu.kz/content/34/33/lection.files/image091.jpg,http://cdo.keu.kz/content/34/33/lection.files/image092.png,http://cdo.keu.kz/content/34/33/lection.files/image093.jpg,http://cdo.keu.kz/content/34/33/lection.files/image094.png,http://cdo.keu.kz/content/34/33/lection.files/image095.jpg,http://cdo.keu.kz/content/34/33/lection.files/image096.png,http://cdo.keu.kz/content/34/33/lection.files/image097.jpg,http://cdo.keu.kz/content/34/33/lection.files/image098.png,http://cdo.keu.kz/content/34/33/lection.files/image099.png,http://cdo.keu.kz/content/34/33/lection.files/image100.gif,http://cdo.keu.kz/content/34/33/lection.files/image101.gif,http://cdo.keu.kz/content/34/33/lection.files/image102.png,http://cdo.keu.kz/content/34/33/lection.files/image103.png,http://cdo.keu.kz/content/34/33/lection.files/image104.gif,http://cdo.keu.kz/content/34/33/lection.files/image105.png,http://cdo.keu.kz/content/34/33/lection.files/image106.jpg,http://cdo.keu.kz/content/34/33/lection.files/image107.png,http://cdo.keu.kz/content/34/33/lection.files/image108.jpg,http://cdo.keu.kz/content/34/33/lection.files/image109.png,http://cdo.keu.kz/content/34/33/lection.files/image110.png,http://cdo.keu.kz/content/34/33/lection.files/image111.png,http://cdo.keu.kz/content/34/33/lection.files/image112.png,http://cdo.keu.kz/content/34/33/lection.files/image113.png,http://cdo.keu.kz/content/34/33/lection.files/image114.png,http://cdo.keu.kz/content/34/33/lection.files/image115.png,http://cdo.keu.kz/content/34/33/lection.files/image116.png,http://cdo.keu.kz/content/34/33/lection.files/image117.png,http://cdo.keu.kz/content/34/33/lection.files/image118.png,http://cdo.keu.kz/content/34/33/lection.files/image119.png,http://cdo.keu.kz/content/34/33/lection.files/image120.png,http://cdo.keu.kz/content/34/33/lection.files/image121.png,http://cdo.keu.kz/content/34/33/lection.files/image122.png,http://cdo.keu.kz/content/34/33/lection.files/image123.png,http://cdo.keu.kz/content/34/33/lection.files/image124.png,http://cdo.keu.kz/content/34/33/lection.files/image125.gif,http://cdo.keu.kz/content/34/33/lection.files/image126.png,http://cdo.keu.kz/content/34/33/lection.files/image127.jpg,http://cdo.keu.kz/content/34/33/lection.files/image128.png,http://cdo.keu.kz/content/34/33/lection.files/image129.jpg,http://cdo.keu.kz/content/34/33/lection.files/image130.png,http://cdo.keu.kz/content/34/33/lection.files/image131.jpg,http://cdo.keu.kz/content/34/33/lection.files/image132.gif,http://cdo.keu.kz/content/34/33/lection.files/image133.png,http://cdo.keu.kz/content/34/33/lection.files/image134.jpg,http://cdo.keu.kz/content/34/33/lection.files/image135.png,http://cdo.keu.kz/content/34/33/lection.files/image136.jpg,http://cdo.keu.kz/content/34/33/lection.files/image137.png,http://cdo.keu.kz/content/34/33/lection.files/image138.jpg,http://cdo.keu.kz/content/34/33/lection.files/image139.png,http://cdo.keu.kz/content/34/33/lection.files/image140.jpg,http://cdo.keu.kz/content/34/33/lection.files/image141.png,http://cdo.keu.kz/content/34/33/lection.files/image142.jpg,http://cdo.keu.kz/content/34/33/lection.files/image143.jpg,http://cdo.keu.kz/content/34/33/lection.files/image144.jpg,http://cdo.keu.kz/content/34/33/lection.files/image145.jpg,http://cdo.keu.kz/content/34/33/lection.files/image146.jpg,http://cdo.keu.kz/content/34/33/lection.files/image147.gif,http://cdo.keu.kz/content/34/33/lection.files/image148.gif,http://cdo.keu.kz/content/34/33/lection.files/image149.gif,http://cdo.keu.kz/content/34/33/lection.files/image150.gif,http://cdo.keu.kz/content/34/33/lection.files/image151.gif,http://cdo.keu.kz/content/34/33/lection.files/image152.gif,http://cdo.keu.kz/content/34/33/lection.files/image153.gif,http://cdo.keu.kz/content/34/33/lection.files/image154.gif,http://cdo.keu.kz/content/34/33/lection.files/image155.gif,http://cdo.keu.kz/content/34/33/lection.files/image156.wmz,http://cdo.keu.kz/content/34/33/lection.files/image157.gif,http://cdo.keu.kz/content/34/33/lection.files/image158.gif,http://cdo.keu.kz/content/34/33/lection.files/image159.gif,http://cdo.keu.kz/content/34/33/lection.files/image160.png,http://cdo.keu.kz/content/34/33/lection.files/image161.jpg,http://cdo.keu.kz/content/34/33/lection.files/image162.png,http://cdo.keu.kz/content/34/33/lection.files/image163.jpg,http://cdo.keu.kz/content/34/33/lection.files/image164.jpg,http://cdo.keu.kz/content/34/33/lection.files/image165.gif,http://cdo.keu.kz/content/34/33/lection.files/image166.gif,http://cdo.keu.kz/content/34/33/lection.files/image167.gif,http://cdo.keu.kz/content/34/33/lection.files/image168.wmz,http://cdo.keu.kz/content/34/33/lection.files/image169.gif,http://cdo.keu.kz/content/34/33/lection.files/oledata.mso,http://cdo.keu.kz/content/34/33/lection.htm,,,,,,,,,,,,,,,,,,,,,,,,,,,,,,,,,,,,,,,,,,,,,,
http://cdo.keu.kz/content/35/34/34.htm,http://cdo.keu.kz/content/35/34/lection.files/filelist.xml,http://cdo.keu.kz/content/35/34/lection.files/header.htm,http://cdo.keu.kz/content/35/34/lection.files/image001.wmz,http://cdo.keu.kz/content/35/34/lection.files/image002.gif,http://cdo.keu.kz/content/35/34/lection.files/image003.gif,http://cdo.keu.kz/content/35/34/lection.files/image004.png,http://cdo.keu.kz/content/35/34/lection.files/image005.jpg,http://cdo.keu.kz/content/35/34/lection.files/image006.png,http://cdo.keu.kz/content/35/34/lection.files/image007.jpg,http://cdo.keu.kz/content/35/34/lection.files/image008.png,http://cdo.keu.kz/content/35/34/lection.files/image009.jpg,http://cdo.keu.kz/content/35/34/lection.files/image010.png,http://cdo.keu.kz/content/35/34/lection.files/image011.jpg,http://cdo.keu.kz/content/35/34/lection.files/image012.png,http://cdo.keu.kz/content/35/34/lection.files/image013.jpg,http://cdo.keu.kz/content/35/34/lection.files/image014.png,http://cdo.keu.kz/content/35/34/lection.files/image015.jpg,http://cdo.keu.kz/content/35/34/lection.files/image016.png,http://cdo.keu.kz/content/35/34/lection.files/image017.jpg,http://cdo.keu.kz/content/35/34/lection.files/image018.png,http://cdo.keu.kz/content/35/34/lection.files/image019.jpg,http://cdo.keu.kz/content/35/34/lection.files/image020.png,http://cdo.keu.kz/content/35/34/lection.files/image021.jpg,http://cdo.keu.kz/content/35/34/lection.files/image022.png,http://cdo.keu.kz/content/35/34/lection.files/image023.jpg,http://cdo.keu.kz/content/35/34/lection.files/image024.png,http://cdo.keu.kz/content/35/34/lection.files/image025.jpg,http://cdo.keu.kz/content/35/34/lection.files/image026.png,http://cdo.keu.kz/content/35/34/lection.files/image027.jpg,http://cdo.keu.kz/content/35/34/lection.files/image028.png,http://cdo.keu.kz/content/35/34/lection.files/image029.jpg,http://cdo.keu.kz/content/35/34/lection.files/image030.png,http://cdo.keu.kz/content/35/34/lection.files/image031.jpg,http://cdo.keu.kz/content/35/34/lection.files/image032.png,http://cdo.keu.kz/content/35/34/lection.files/image033.jpg,http://cdo.keu.kz/content/35/34/lection.files/image034.png,http://cdo.keu.kz/content/35/34/lection.files/image035.jpg,http://cdo.keu.kz/content/35/34/lection.files/image036.png,http://cdo.keu.kz/content/35/34/lection.files/image037.jpg,http://cdo.keu.kz/content/35/34/lection.files/image038.png,http://cdo.keu.kz/content/35/34/lection.files/image039.jpg,http://cdo.keu.kz/content/35/34/lection.files/image040.png,http://cdo.keu.kz/content/35/34/lection.files/image041.jpg,http://cdo.keu.kz/content/35/34/lection.files/image042.png,http://cdo.keu.kz/content/35/34/lection.files/image043.jpg,http://cdo.keu.kz/content/35/34/lection.files/image044.gif,http://cdo.keu.kz/content/35/34/lection.files/image045.png,http://cdo.keu.kz/content/35/34/lection.files/image046.jpg,http://cdo.keu.kz/content/35/34/lection.files/image047.png,http://cdo.keu.kz/content/35/34/lection.files/image048.jpg,http://cdo.keu.kz/content/35/34/lection.files/image049.png,http://cdo.keu.kz/content/35/34/lection.files/image050.jpg,http://cdo.keu.kz/content/35/34/lection.files/image051.wmz,http://cdo.keu.kz/content/35/34/lection.files/image052.gif,http://cdo.keu.kz/content/35/34/lection.files/image053.wmz,http://cdo.keu.kz/content/35/34/lection.files/image054.gif,http://cdo.keu.kz/content/35/34/lection.files/image055.wmz,http://cdo.keu.kz/content/35/34/lection.files/image056.gif,http://cdo.keu.kz/content/35/34/lection.files/image057.wmz,http://cdo.keu.kz/content/35/34/lection.files/image058.gif,http://cdo.keu.kz/content/35/34/lection.files/image059.wmz,http://cdo.keu.kz/content/35/34/lection.files/image060.gif,http://cdo.keu.kz/content/35/34/lection.files/image061.wmz,http://cdo.keu.kz/content/35/34/lection.files/image062.gif,http://cdo.keu.kz/content/35/34/lection.files/image063.gif,http://cdo.keu.kz/content/35/34/lection.files/image064.gif,http://cdo.keu.kz/content/35/34/lection.files/image065.gif,http://cdo.keu.kz/content/35/34/lection.files/image066.wmz,http://cdo.keu.kz/content/35/34/lection.files/image067.gif,http://cdo.keu.kz/content/35/34/lection.files/image068.gif,http://cdo.keu.kz/content/35/34/lection.files/image069.wmz,http://cdo.keu.kz/content/35/34/lection.files/image070.gif,http://cdo.keu.kz/content/35/34/lection.files/image071.wmz,http://cdo.keu.kz/content/35/34/lection.files/image072.gif,http://cdo.keu.kz/content/35/34/lection.files/image073.gif,http://cdo.keu.kz/content/35/34/lection.files/image074.gif,http://cdo.keu.kz/content/35/34/lection.files/image075.jpg,http://cdo.keu.kz/content/35/34/lection.files/image076.jpg,http://cdo.keu.kz/content/35/34/lection.files/image077.gif,http://cdo.keu.kz/content/35/34/lection.files/image078.png,http://cdo.keu.kz/content/35/34/lection.files/image079.jpg,http://cdo.keu.kz/content/35/34/lection.files/image080.png,http://cdo.keu.kz/content/35/34/lection.files/image081.png,http://cdo.keu.kz/content/35/34/lection.files/image082.gif,http://cdo.keu.kz/content/35/34/lection.files/image083.png,http://cdo.keu.kz/content/35/34/lection.files/image084.jpg,http://cdo.keu.kz/content/35/34/lection.files/image085.png,http://cdo.keu.kz/content/35/34/lection.files/image086.jpg,http://cdo.keu.kz/content/35/34/lection.files/image087.png,http://cdo.keu.kz/content/35/34/lection.files/image088.png,http://cdo.keu.kz/content/35/34/lection.files/image089.gif,http://cdo.keu.kz/content/35/34/lection.files/image090.png,http://cdo.keu.kz/content/35/34/lection.files/image091.jpg,http://cdo.keu.kz/content/35/34/lection.files/image092.png,http://cdo.keu.kz/content/35/34/lection.files/image093.jpg,http://cdo.keu.kz/content/35/34/lection.files/image094.png,http://cdo.keu.kz/content/35/34/lection.files/image095.jpg,http://cdo.keu.kz/content/35/34/lection.files/image096.png,http://cdo.keu.kz/content/35/34/lection.files/image097.jpg,http://cdo.keu.kz/content/35/34/lection.files/image098.png,http://cdo.keu.kz/content/35/34/lection.files/image099.png,http://cdo.keu.kz/content/35/34/lection.files/image100.gif,http://cdo.keu.kz/content/35/34/lection.files/image101.gif,http://cdo.keu.kz/content/35/34/lection.files/image102.png,http://cdo.keu.kz/content/35/34/lection.files/image103.png,http://cdo.keu.kz/content/35/34/lection.files/image104.gif,http://cdo.keu.kz/content/35/34/lection.files/image105.png,http://cdo.keu.kz/content/35/34/lection.files/image106.jpg,http://cdo.keu.kz/content/35/34/lection.files/image107.png,http://cdo.keu.kz/content/35/34/lection.files/image108.jpg,http://cdo.keu.kz/content/35/34/lection.files/image109.png,http://cdo.keu.kz/content/35/34/lection.files/image110.png,http://cdo.keu.kz/content/35/34/lection.files/image111.png,http://cdo.keu.kz/content/35/34/lection.files/image112.png,http://cdo.keu.kz/content/35/34/lection.files/image113.png,http://cdo.keu.kz/content/35/34/lection.files/image114.png,http://cdo.keu.kz/content/35/34/lection.files/image115.png,http://cdo.keu.kz/content/35/34/lection.files/image116.png,http://cdo.keu.kz/content/35/34/lection.files/image117.png,http://cdo.keu.kz/content/35/34/lection.files/image118.png,http://cdo.keu.kz/content/35/34/lection.files/image119.png,http://cdo.keu.kz/content/35/34/lection.files/image120.png,http://cdo.keu.kz/content/35/34/lection.files/image121.png,http://cdo.keu.kz/content/35/34/lection.files/image122.png,http://cdo.keu.kz/content/35/34/lection.files/image123.png,http://cdo.keu.kz/content/35/34/lection.files/image124.png,http://cdo.keu.kz/content/35/34/lection.files/image125.gif,http://cdo.keu.kz/content/35/34/lection.files/image126.png,http://cdo.keu.kz/content/35/34/lection.files/image127.jpg,http://cdo.keu.kz/content/35/34/lection.files/image128.png,http://cdo.keu.kz/content/35/34/lection.files/image129.jpg,http://cdo.keu.kz/content/35/34/lection.files/image130.png,http://cdo.keu.kz/content/35/34/lection.files/image131.jpg,http://cdo.keu.kz/content/35/34/lection.files/image132.gif,http://cdo.keu.kz/content/35/34/lection.files/image133.png,http://cdo.keu.kz/content/35/34/lection.files/image134.jpg,http://cdo.keu.kz/content/35/34/lection.files/image135.png,http://cdo.keu.kz/content/35/34/lection.files/image136.jpg,http://cdo.keu.kz/content/35/34/lection.files/image137.png,http://cdo.keu.kz/content/35/34/lection.files/image138.jpg,http://cdo.keu.kz/content/35/34/lection.files/image139.png,http://cdo.keu.kz/content/35/34/lection.files/image140.jpg,http://cdo.keu.kz/content/35/34/lection.files/image141.png,http://cdo.keu.kz/content/35/34/lection.files/image142.jpg,http://cdo.keu.kz/content/35/34/lection.files/image143.jpg,http://cdo.keu.kz/content/35/34/lection.files/image144.jpg,http://cdo.keu.kz/content/35/34/lection.files/image145.jpg,http://cdo.keu.kz/content/35/34/lection.files/image146.jpg,http://cdo.keu.kz/content/35/34/lection.files/image147.gif,http://cdo.keu.kz/content/35/34/lection.files/image148.gif,http://cdo.keu.kz/content/35/34/lection.files/image149.gif,http://cdo.keu.kz/content/35/34/lection.files/image150.gif,http://cdo.keu.kz/content/35/34/lection.files/image151.gif,http://cdo.keu.kz/content/35/34/lection.files/image152.gif,http://cdo.keu.kz/content/35/34/lection.files/image153.gif,http://cdo.keu.kz/content/35/34/lection.files/image154.gif,http://cdo.keu.kz/content/35/34/lection.files/image155.gif,http://cdo.keu.kz/content/35/34/lection.files/image156.wmz,http://cdo.keu.kz/content/35/34/lection.files/image157.gif,http://cdo.keu.kz/content/35/34/lection.files/image158.gif,http://cdo.keu.kz/content/35/34/lection.files/image159.gif,http://cdo.keu.kz/content/35/34/lection.files/image160.png,http://cdo.keu.kz/content/35/34/lection.files/image161.jpg,http://cdo.keu.kz/content/35/34/lection.files/image162.png,http://cdo.keu.kz/content/35/34/lection.files/image163.jpg,http://cdo.keu.kz/content/35/34/lection.files/image164.jpg,http://cdo.keu.kz/content/35/34/lection.files/image165.gif,http://cdo.keu.kz/content/35/34/lection.files/image166.gif,http://cdo.keu.kz/content/35/34/lection.files/image167.gif,http://cdo.keu.kz/content/35/34/lection.files/image168.wmz,http://cdo.keu.kz/content/35/34/lection.files/image169.gif,http://cdo.keu.kz/content/35/34/lection.files/image170.wmz,http://cdo.keu.kz/content/35/34/lection.files/image171.gif,http://cdo.keu.kz/content/35/34/lection.files/image172.gif,http://cdo.keu.kz/content/35/34/lection.files/image173.wmz,http://cdo.keu.kz/content/35/34/lection.files/image174.wmz,http://cdo.keu.kz/content/35/34/lection.files/image175.wmz,http://cdo.keu.kz/content/35/34/lection.files/image176.wmz,http://cdo.keu.kz/content/35/34/lection.files/image177.wmz,http://cdo.keu.kz/content/35/34/lection.files/image178.wmz,http://cdo.keu.kz/content/35/34/lection.files/image179.gif,http://cdo.keu.kz/content/35/34/lection.files/image180.gif,http://cdo.keu.kz/content/35/34/lection.files/image181.gif,http://cdo.keu.kz/content/35/34/lection.files/image182.wmz,http://cdo.keu.kz/content/35/34/lection.files/image183.gif,http://cdo.keu.kz/content/35/34/lection.files/image184.gif,http://cdo.keu.kz/content/35/34/lection.files/image185.wmz,http://cdo.keu.kz/content/35/34/lection.files/image186.wmz,http://cdo.keu.kz/content/35/34/lection.files/image187.gif,http://cdo.keu.kz/content/35/34/lection.files/image188.gif,http://cdo.keu.kz/content/35/34/lection.files/image189.gif,http://cdo.keu.kz/content/35/34/lection.files/image190.jpg,http://cdo.keu.kz/content/35/34/lection.files/image191.gif,http://cdo.keu.kz/content/35/34/lection.files/image192.gif,http://cdo.keu.kz/content/35/34/lection.files/image193.gif,http://cdo.keu.kz/content/35/34/lection.files/image194.jpg,http://cdo.keu.kz/content/35/34/lection.files/image195.jpg,http://cdo.keu.kz/content/35/34/lection.files/image196.jpg,http://cdo.keu.kz/content/35/34/lection.files/image197.jpg,http://cdo.keu.kz/content/35/34/lection.files/image198.jpg,http://cdo.keu.kz/content/35/34/lection.files/image199.jpg,http://cdo.keu.kz/content/35/34/lection.files/image200.gif,http://cdo.keu.kz/content/35/34/lection.files/image201.gif,http://cdo.keu.kz/content/35/34/lection.files/image202.gif,http://cdo.keu.kz/content/35/34/lection.files/image203.gif,http://cdo.keu.kz/content/35/34/lection.files/image204.gif,http://cdo.keu.kz/content/35/34/lection.files/image205.gif,http://cdo.keu.kz/content/35/34/lection.files/image206.gif,http://cdo.keu.kz/content/35/34/lection.files/image207.gif,http://cdo.keu.kz/content/35/34/lection.files/image208.gif,http://cdo.keu.kz/content/35/34/lection.files/image209.wmz,http://cdo.keu.kz/content/35/34/lection.files/image210.gif,http://cdo.keu.kz/content/35/34/lection.files/image211.gif,http://cdo.keu.kz/content/35/34/lection.files/image212.gif,http://cdo.keu.kz/content/35/34/lection.files/image213.gif,http://cdo.keu.kz/content/35/34/lection.files/image214.gif,http://cdo.keu.kz/content/35/34/lection.files/image215.wmz,http://cdo.keu.kz/content/35/34/lection.files/oledata.mso,http://cdo.keu.kz/content/35/34/lection.htm
http://cdo.keu.kz/content/46/45/21/21.htm,http://cdo.keu.kz/content/46/45/22/22.htm,http://cdo.keu.kz/content/46/45/23/23.htm,http://cdo.keu.kz/content/46/45/24/24.htm,http://cdo.keu.kz/content/46/45/25/25.htm,http://cdo.keu.kz/content/46/45/26/26.htm,http://cdo.keu.kz/content/46/45/27/27.htm,http://cdo.keu.kz/content/46/45/28/28.htm,http://cdo.keu.kz/content/46/45/3.files/filelist.xml,http://cdo.keu.kz/content/46/45/3.files/image001.gif,http://cdo.keu.kz/content/46/45/3.files/image002.gif,http://cdo.keu.kz/content/46/45/3.files/image003.gif,http://cdo.keu.kz/content/46/45/3.files/image004.gif,http://cdo.keu.kz/content/46/45/3.files/image005.gif,http://cdo.keu.kz/content/46/45/3.files/image006.gif,http://cdo.keu.kz/content/46/45/3.files/image007.gif,http://cdo.keu.kz/content/46/45/3.files/image008.gif,http://cdo.keu.kz/content/46/45/3.files/image009.gif,http://cdo.keu.kz/content/46/45/3.files/image010.gif,http://cdo.keu.kz/content/46/45/3.files/image011.gif,http://cdo.keu.kz/content/46/45/3.files/image012.gif,http://cdo.keu.kz/content/46/45/3.files/image013.gif,http://cdo.keu.kz/content/46/45/3.files/image014.gif,http://cdo.keu.kz/content/46/45/3.files/image015.png,http://cdo.keu.kz/content/46/45/3.files/image016.jpg,http://cdo.keu.kz/content/46/45/3.files/image017.png,http://cdo.keu.kz/content/46/45/3.files/image018.jpg,http://cdo.keu.kz/content/46/45/3.files/image019.png,http://cdo.keu.kz/content/46/45/3.files/image020.jpg,http://cdo.keu.kz/content/46/45/3.files/image021.png,http://cdo.keu.kz/content/46/45/3.files/image022.jpg,http://cdo.keu.kz/content/46/45/3.files/image023.png,http://cdo.keu.kz/content/46/45/3.files/image024.jpg,http://cdo.keu.kz/content/46/45/3.files/image025.png,http://cdo.keu.kz/content/46/45/3.files/image026.jpg,http://cdo.keu.kz/content/46/45/3.files/image027.png,http://cdo.keu.kz/content/46/45/3.files/image028.jpg,http://cdo.keu.kz/content/46/45/3.files/image029.png,http://cdo.keu.kz/content/46/45/3.files/image030.jpg,http://cdo.keu.kz/content/46/45/3.files/image031.gif,http://cdo.keu.kz/content/46/45/3.files/image032.gif,http://cdo.keu.kz/content/46/45/3.files/image033.gif,http://cdo.keu.kz/content/46/45/3.files/image034.gif,http://cdo.keu.kz/content/46/45/3.files/image035.gif,http://cdo.keu.kz/content/46/45/3.files/image036.gif,http://cdo.keu.kz/content/46/45/3.files/image037.gif,http://cdo.keu.kz/content/46/45/3.files/image038.gif,http://cdo.keu.kz/content/46/45/3.files/image039.gif,http://cdo.keu.kz/content/46/45/3.files/image040.gif,http://cdo.keu.kz/content/46/45/3.files/image041.gif,http://cdo.keu.kz/content/46/45/3.files/image042.gif,http://cdo.keu.kz/content/46/45/45.htm,,,,,,,,,,,,,,,,,,,,,,,,,,,,,,,,,,,,,,,,,,,,,,,,,,,,,,,,,,,,,,,,,,,,,,,,,,,,,,,,,,,,,,,,,,,,,,,,,,,,,,,,,,,,,,,,,,,,,,,,,,,,,,,,,,,,,,,,,,,,,,,,,,,,,,,,,,,,,,,,,,,,,,,,
http://cdo.keu.kz/content/48/47/1.files/filelist.xml,http://cdo.keu.kz/content/48/47/1.files/header.htm,http://cdo.keu.kz/content/48/47/1.files/image001.gif,http://cdo.keu.kz/content/48/47/1.files/image002.png,http://cdo.keu.kz/content/48/47/1.files/image003.jpg,http://cdo.keu.kz/content/48/47/1.files/image004.gif,http://cdo.keu.kz/content/48/47/1.files/image005.gif,http://cdo.keu.kz/content/48/47/1.files/image006.gif,http://cdo.keu.kz/content/48/47/1.files/image007.gif,http://cdo.keu.kz/content/48/47/1.files/image008.gif,http://cdo.keu.kz/content/48/47/1.files/image009.png,http://cdo.keu.kz/content/48/47/1.files/image010.jpg,http://cdo.keu.kz/content/48/47/1.files/image011.wmz,http://cdo.keu.kz/content/48/47/1.files/image012.gif,http://cdo.keu.kz/content/48/47/1.files/image013.wmz,http://cdo.keu.kz/content/48/47/1.files/image014.gif,http://cdo.keu.kz/content/48/47/1.files/image015.wmz,http://cdo.keu.kz/content/48/47/1.files/image016.gif,http://cdo.keu.kz/content/48/47/1.files/image017.wmz,http://cdo.keu.kz/content/48/47/1.files/image018.gif,http://cdo.keu.kz/content/48/47/1.files/image019.wmz,http://cdo.keu.kz/content/48/47/1.files/image020.gif,http://cdo.keu.kz/content/48/47/1.files/image021.wmz,http://cdo.keu.kz/content/48/47/1.files/image022.gif,http://cdo.keu.kz/content/48/47/1.files/image023.wmz,http://cdo.keu.kz/content/48/47/1.files/image024.gif,http://cdo.keu.kz/content/48/47/1.files/image025.wmz,http://cdo.keu.kz/content/48/47/1.files/image026.gif,http://cdo.keu.kz/content/48/47/1.files/image027.wmz,http://cdo.keu.kz/content/48/47/1.files/image028.gif,http://cdo.keu.kz/content/48/47/1.files/image029.gif,http://cdo.keu.kz/content/48/47/1.files/image030.gif,http://cdo.keu.kz/content/48/47/1.files/image031.gif,http://cdo.keu.kz/content/48/47/1.files/image032.gif,http://cdo.keu.kz/content/48/47/1.files/image033.gif,http://cdo.keu.kz/content/48/47/1.files/image034.png,http://cdo.keu.kz/content/48/47/1.files/image035.jpg,http://cdo.keu.kz/content/48/47/1.files/image036.wmz,http://cdo.keu.kz/content/48/47/1.files/image037.gif,http://cdo.keu.kz/content/48/47/1.files/image038.png,http://cdo.keu.kz/content/48/47/1.files/image039.jpg,http://cdo.keu.kz/content/48/47/1.files/image040.png,http://cdo.keu.kz/content/48/47/1.files/image041.jpg,http://cdo.keu.kz/content/48/47/1.files/image042.png,http://cdo.keu.kz/content/48/47/1.files/image043.jpg,http://cdo.keu.kz/content/48/47/1.files/image044.gif,http://cdo.keu.kz/content/48/47/1.files/image045.gif,http://cdo.keu.kz/content/48/47/1.files/image046.png,http://cdo.keu.kz/content/48/47/1.files/image047.jpg,http://cdo.keu.kz/content/48/47/1.files/image048.gif,http://cdo.keu.kz/content/48/47/1.files/image049.gif,http://cdo.keu.kz/content/48/47/1.files/image050.gif,http://cdo.keu.kz/content/48/47/1.files/image051.gif,http://cdo.keu.kz/content/48/47/1.files/image052.gif,http://cdo.keu.kz/content/48/47/1.files/image053.wmz,http://cdo.keu.kz/content/48/47/1.files/image054.gif,http://cdo.keu.kz/content/48/47/1.files/image055.gif,http://cdo.keu.kz/content/48/47/1.files/image056.png,http://cdo.keu.kz/content/48/47/1.files/image057.jpg,http://cdo.keu.kz/content/48/47/1.files/image058.png,http://cdo.keu.kz/content/48/47/1.files/image059.jpg,http://cdo.keu.kz/content/48/47/1.files/image060.png,http://cdo.keu.kz/content/48/47/1.files/image061.jpg,http://cdo.keu.kz/content/48/47/1.files/image062.png,http://cdo.keu.kz/content/48/47/1.files/image063.jpg,http://cdo.keu.kz/content/48/47/1.files/image064.png,http://cdo.keu.kz/content/48/47/1.files/image065.jpg,http://cdo.keu.kz/content/48/47/1.files/image066.png,http://cdo.keu.kz/content/48/47/1.files/image067.jpg,http://cdo.keu.kz/content/48/47/1.files/image068.png,http://cdo.keu.kz/content/48/47/1.files/image069.jpg,http://cdo.keu.kz/content/48/47/1.files/image070.png,http://cdo.keu.kz/content/48/47/1.files/image071.jpg,http://cdo.keu.kz/content/48/47/1.files/image072.png,http://cdo.keu.kz/content/48/47/1.files/image073.jpg,http://cdo.keu.kz/content/48/47/1.files/image074.png,http://cdo.keu.kz/content/48/47/1.files/image075.jpg,http://cdo.keu.kz/content/48/47/1.files/image076.png,http://cdo.keu.kz/content/48/47/1.files/image077.jpg,http://cdo.keu.kz/content/48/47/1.files/image078.gif,http://cdo.keu.kz/content/48/47/1.files/image079.gif,http://cdo.keu.kz/content/48/47/1.files/image080.gif,http://cdo.keu.kz/content/48/47/1.files/image081.gif,http://cdo.keu.kz/content/48/47/1.files/image082.gif,http://cdo.keu.kz/content/48/47/1.files/image083.gif,http://cdo.keu.kz/content/48/47/1.files/image084.gif,http://cdo.keu.kz/content/48/47/1.files/image085.wmz,http://cdo.keu.kz/content/48/47/1.files/image086.wmz,http://cdo.keu.kz/content/48/47/1.files/image087.wmz,http://cdo.keu.kz/content/48/47/1.files/image088.wmz,http://cdo.keu.kz/content/48/47/1.files/image089.wmz,http://cdo.keu.kz/content/48/47/1.files/image090.wmz,http://cdo.keu.kz/content/48/47/1.files/image091.wmz,http://cdo.keu.kz/content/48/47/1.files/image092.wmz,http://cdo.keu.kz/content/48/47/1.files/image093.wmz,http://cdo.keu.kz/content/48/47/1.files/image094.gif,http://cdo.keu.kz/content/48/47/1.files/image095.gif,http://cdo.keu.kz/content/48/47/1.files/image096.gif,http://cdo.keu.kz/content/48/47/1.files/oledata.mso,http://cdo.keu.kz/content/48/47/29/29.htm,http://cdo.keu.kz/content/48/47/30/30.htm,http://cdo.keu.kz/content/48/47/31/11.files/filelist.xml,http://cdo.keu.kz/content/48/47/31/11.files/header.htm,http://cdo.keu.kz/content/48/47/31/11.files/image001.png,http://cdo.keu.kz/content/48/47/31/11.files/image002.jpg,http://cdo.keu.kz/content/48/47/31/11.files/image003.wmz,http://cdo.keu.kz/content/48/47/31/11.files/image004.gif,http://cdo.keu.kz/content/48/47/31/11.files/image005.png,http://cdo.keu.kz/content/48/47/31/11.files/image006.jpg,http://cdo.keu.kz/content/48/47/31/11.files/image007.png,http://cdo.keu.kz/content/48/47/31/11.files/image008.jpg,http://cdo.keu.kz/content/48/47/31/11.files/image009.png,http://cdo.keu.kz/content/48/47/31/11.files/image010.jpg,http://cdo.keu.kz/content/48/47/31/11.files/image011.gif,http://cdo.keu.kz/content/48/47/31/11.files/image012.gif,http://cdo.keu.kz/content/48/47/31/11.files/image013.png,http://cdo.keu.kz/content/48/47/31/11.files/image014.jpg,http://cdo.keu.kz/content/48/47/31/11.files/image015.gif,http://cdo.keu.kz/content/48/47/31/11.files/image016.gif,http://cdo.keu.kz/content/48/47/31/11.files/image017.gif,http://cdo.keu.kz/content/48/47/31/11.files/image018.gif,http://cdo.keu.kz/content/48/47/31/11.files/image019.gif,http://cdo.keu.kz/content/48/47/31/11.files/image020.wmz,http://cdo.keu.kz/content/48/47/31/11.files/image021.gif,http://cdo.keu.kz/content/48/47/31/11.files/image022.gif,http://cdo.keu.kz/content/48/47/31/11.files/image023.png,http://cdo.keu.kz/content/48/47/31/11.files/image024.jpg,http://cdo.keu.kz/content/48/47/31/11.files/image025.png,http://cdo.keu.kz/content/48/47/31/11.files/image026.jpg,http://cdo.keu.kz/content/48/47/31/11.files/image027.png,http://cdo.keu.kz/content/48/47/31/11.files/image028.jpg,http://cdo.keu.kz/content/48/47/31/11.files/image029.png,http://cdo.keu.kz/content/48/47/31/11.files/image030.jpg,http://cdo.keu.kz/content/48/47/31/11.files/image031.png,http://cdo.keu.kz/content/48/47/31/11.files/image032.jpg,http://cdo.keu.kz/content/48/47/31/11.files/image033.png,http://cdo.keu.kz/content/48/47/31/11.files/image034.jpg,http://cdo.keu.kz/content/48/47/31/11.files/image035.png,http://cdo.keu.kz/content/48/47/31/11.files/image036.jpg,http://cdo.keu.kz/content/48/47/31/11.files/image037.png,http://cdo.keu.kz/content/48/47/31/11.files/image038.jpg,http://cdo.keu.kz/content/48/47/31/11.files/image039.png,http://cdo.keu.kz/content/48/47/31/11.files/image040.jpg,http://cdo.keu.kz/content/48/47/31/11.files/image041.png,http://cdo.keu.kz/content/48/47/31/11.files/image042.jpg,http://cdo.keu.kz/content/48/47/31/11.files/image043.png,http://cdo.keu.kz/content/48/47/31/11.files/image044.jpg,http://cdo.keu.kz/content/48/47/31/11.files/image045.gif,http://cdo.keu.kz/content/48/47/31/11.files/oledata.mso,http://cdo.keu.kz/content/48/47/31/11.htm,http://cdo.keu.kz/content/48/47/32/11.files/filelist.xml,http://cdo.keu.kz/content/48/47/32/11.files/header.htm,http://cdo.keu.kz/content/48/47/32/11.files/image001.png,http://cdo.keu.kz/content/48/47/32/11.files/image002.jpg,http://cdo.keu.kz/content/48/47/32/11.files/image003.wmz,http://cdo.keu.kz/content/48/47/32/11.files/image004.gif,http://cdo.keu.kz/content/48/47/32/11.files/image005.png,http://cdo.keu.kz/content/48/47/32/11.files/image006.jpg,http://cdo.keu.kz/content/48/47/32/11.files/image007.png,http://cdo.keu.kz/content/48/47/32/11.files/image008.jpg,http://cdo.keu.kz/content/48/47/32/11.files/image009.png,http://cdo.keu.kz/content/48/47/32/11.files/image010.jpg,http://cdo.keu.kz/content/48/47/32/11.files/image011.gif,http://cdo.keu.kz/content/48/47/32/11.files/image012.gif,http://cdo.keu.kz/content/48/47/32/11.files/image013.png,http://cdo.keu.kz/content/48/47/32/11.files/image014.jpg,http://cdo.keu.kz/content/48/47/32/11.files/image015.gif,http://cdo.keu.kz/content/48/47/32/11.files/image016.gif,http://cdo.keu.kz/content/48/47/32/11.files/image017.gif,http://cdo.keu.kz/content/48/47/32/11.files/image018.gif,http://cdo.keu.kz/content/48/47/32/11.files/image019.gif,http://cdo.keu.kz/content/48/47/32/11.files/image020.wmz,http://cdo.keu.kz/content/48/47/32/11.files/image021.gif,http://cdo.keu.kz/content/48/47/32/11.files/image022.gif,http://cdo.keu.kz/content/48/47/32/11.files/image023.png,http://cdo.keu.kz/content/48/47/32/11.files/image024.jpg,http://cdo.keu.kz/content/48/47/32/11.files/image025.png,http://cdo.keu.kz/content/48/47/32/11.files/image026.jpg,http://cdo.keu.kz/content/48/47/32/11.files/image027.png,http://cdo.keu.kz/content/48/47/32/11.files/image028.jpg,http://cdo.keu.kz/content/48/47/32/11.files/image029.png,http://cdo.keu.kz/content/48/47/32/11.files/image030.jpg,http://cdo.keu.kz/content/48/47/32/11.files/image031.png,http://cdo.keu.kz/content/48/47/32/11.files/image032.jpg,http://cdo.keu.kz/content/48/47/32/11.files/image033.png,http://cdo.keu.kz/content/48/47/32/11.files/image034.jpg,http://cdo.keu.kz/content/48/47/32/11.files/image035.png,http://cdo.keu.kz/content/48/47/32/11.files/image036.jpg,http://cdo.keu.kz/content/48/47/32/11.files/image037.png,http://cdo.keu.kz/content/48/47/32/11.files/image038.jpg,http://cdo.keu.kz/content/48/47/32/11.files/image039.png,http://cdo.keu.kz/content/48/47/32/11.files/image040.jpg,http://cdo.keu.kz/content/48/47/32/11.files/image041.png,http://cdo.keu.kz/content/48/47/32/11.files/image042.jpg,http://cdo.keu.kz/content/48/47/32/11.files/image043.png,http://cdo.keu.kz/content/48/47/32/11.files/image044.jpg,http://cdo.keu.kz/content/48/47/32/11.files/image045.gif,http://cdo.keu.kz/content/48/47/32/11.files/image046.wmz,http://cdo.keu.kz/content/48/47/32/11.files/image047.gif,http://cdo.keu.kz/content/48/47/32/11.files/image048.gif,http://cdo.keu.kz/content/48/47/32/11.files/image049.gif,http://cdo.keu.kz/content/48/47/32/11.files/image050.gif,http://cdo.keu.kz/content/48/47/32/11.files/image051.gif,http://cdo.keu.kz/content/48/47/32/11.files/image052.gif,http://cdo.keu.kz/content/48/47/32/11.files/image053.gif,http://cdo.keu.kz/content/48/47/32/11.files/image054.wmz,http://cdo.keu.kz/content/48/47/32/11.files/image055.gif,http://cdo.keu.kz/content/48/47/32/11.files/oledata.mso,http://cdo.keu.kz/content/48/47/32/11.htm,http://cdo.keu.kz/content/48/47/47.htm,,,,,,,,,,
http://cdo.keu.kz/content/49/48/test.files/filelist.xml,http://cdo.keu.kz/content/49/48/test.files/image001.png,http://cdo.keu.kz/content/49/48/test.files/image002.jpg,http://cdo.keu.kz/content/49/48/test.htm,,,,,,,,,,,,,,,,,,,,,,,,,,,,,,,,,,,,,,,,,,,,,,,,,,,,,,,,,,,,,,,,,,,,,,,,,,,,,,,,,,,,,,,,,,,,,,,,,,,,,,,,,,,,,,,,,,,,,,,,,,,,,,,,,,,,,,,,,,,,,,,,,,,,,,,,,,,,,,,,,,,,,,,,,,,,,,,,,,,,,,,,,,,,,,,,,,,,,,,,,,,,,,,,,,,,,,,,
http://cdo.keu.kz/content/50/49/33/33.htm,http://cdo.keu.kz/content/50/49/34/gl2.htm,http://cdo.keu.kz/content/50/49/35/gl3.htm,http://cdo.keu.kz/content/50/49/36/gl4.htm,http://cdo.keu.kz/content/50/49/37/gl6.htm,http://cdo.keu.kz/content/50/49/38/gl7.htm,http://cdo.keu.kz/content/50/49/39/8.htm,http://cdo.keu.kz/content/50/49/49.htm,http://cdo.keu.kz/content/50/49/gl1.files/1image001.gif,http://cdo.keu.kz/content/50/49/gl1.files/1image002.gif,http://cdo.keu.kz/content/50/49/gl1.files/1image002.jpg,http://cdo.keu.kz/content/50/49/gl1.files/1image003.gif,http://cdo.keu.kz/content/50/49/gl1.files/1image004.jpg,http://cdo.keu.kz/content/50/49/gl1.files/1image008.gif,http://cdo.keu.kz/content/50/49/gl1.files/1image012.gif,http://cdo.keu.kz/content/50/49/gl1.files/1image035.jpg,http://cdo.keu.kz/content/50/49/gl1.files/2image002.jpg,http://cdo.keu.kz/content/50/49/gl1.files/filelist.xml,http://cdo.keu.kz/content/50/49/gl1.files/image001.gif,http://cdo.keu.kz/content/50/49/gl1.files/image001.wmz,http://cdo.keu.kz/content/50/49/gl1.files/image002.gif,http://cdo.keu.kz/content/50/49/gl1.files/image002.jpg,http://cdo.keu.kz/content/50/49/gl1.files/image003.gif,http://cdo.keu.kz/content/50/49/gl1.files/image003.jpg,http://cdo.keu.kz/content/50/49/gl1.files/image004.gif,http://cdo.keu.kz/content/50/49/gl1.files/image004.jpg,http://cdo.keu.kz/content/50/49/gl1.files/image005.gif,http://cdo.keu.kz/content/50/49/gl1.files/image005.jpg,http://cdo.keu.kz/content/50/49/gl1.files/image006.gif,http://cdo.keu.kz/content/50/49/gl1.files/image006.jpg,http://cdo.keu.kz/content/50/49/gl1.files/image007.gif,http://cdo.keu.kz/content/50/49/gl1.files/image007.jpg,http://cdo.keu.kz/content/50/49/gl1.files/image008.gif,http://cdo.keu.kz/content/50/49/gl1.files/image009.gif,http://cdo.keu.kz/content/50/49/gl1.files/image009.jpg,http://cdo.keu.kz/content/50/49/gl1.files/image010.gif,http://cdo.keu.kz/content/50/49/gl1.files/image011.gif,http://cdo.keu.kz/content/50/49/gl1.files/image011.jpg,http://cdo.keu.kz/content/50/49/gl1.files/image012.gif,http://cdo.keu.kz/content/50/49/gl1.files/image013.gif,http://cdo.keu.kz/content/50/49/gl1.files/image013.jpg,http://cdo.keu.kz/content/50/49/gl1.files/image014.gif,http://cdo.keu.kz/content/50/49/gl1.files/image015.jpg,http://cdo.keu.kz/content/50/49/gl1.files/image016.gif,http://cdo.keu.kz/content/50/49/gl1.files/image017.jpg,http://cdo.keu.kz/content/50/49/gl1.files/image018.gif,http://cdo.keu.kz/content/50/49/gl1.files/image019.gif,http://cdo.keu.kz/content/50/49/gl1.files/image019.jpg,http://cdo.keu.kz/content/50/49/gl1.files/image020.gif,http://cdo.keu.kz/content/50/49/gl1.files/image021.gif,http://cdo.keu.kz/content/50/49/gl1.files/image021.jpg,http://cdo.keu.kz/content/50/49/gl1.files/image023.gif,http://cdo.keu.kz/content/50/49/gl1.files/image023.jpg,http://cdo.keu.kz/content/50/49/gl1.files/image024.gif,http://cdo.keu.kz/content/50/49/gl1.files/image025.jpg,http://cdo.keu.kz/content/50/49/gl1.files/image026.gif,http://cdo.keu.kz/content/50/49/gl1.files/image027.jpg,http://cdo.keu.kz/content/50/49/gl1.files/image028.gif,http://cdo.keu.kz/content/50/49/gl1.files/image029.gif,http://cdo.keu.kz/content/50/49/gl1.files/image029.jpg,http://cdo.keu.kz/content/50/49/gl1.files/image030.gif,http://cdo.keu.kz/content/50/49/gl1.files/image031.jpg,http://cdo.keu.kz/content/50/49/gl1.files/image032.jpg,http://cdo.keu.kz/content/50/49/gl1.files/image033.gif,http://cdo.keu.kz/content/50/49/gl1.files/image033.jpg,http://cdo.keu.kz/content/50/49/gl1.files/image035.jpg,http://cdo.keu.kz/content/50/49/gl1.files/image037.jpg,http://cdo.keu.kz/content/50/49/gl1.files/image038.gif,http://cdo.keu.kz/content/50/49/gl1.files/image039.jpg,http://cdo.keu.kz/content/50/49/gl1.files/image040.jpg,http://cdo.keu.kz/content/50/49/gl1.files/image042.jpg,http://cdo.keu.kz/content/50/49/gl1.files/image045.gif,http://cdo.keu.kz/content/50/49/gl1.files/image047.jpg,http://cdo.keu.kz/content/50/49/gl1.files/image049.jpg,http://cdo.keu.kz/content/50/49/gl1.files/image051.jpg,http://cdo.keu.kz/content/50/49/gl1.files/image053.jpg,http://cdo.keu.kz/content/50/49/gl1.files/image056.gif,http://cdo.keu.kz/content/50/49/gl1.files/image057.gif,http://cdo.keu.kz/content/50/49/gl1.files/image060.gif,http://cdo.keu.kz/content/50/49/gl1.files/image062.jpg,http://cdo.keu.kz/content/50/49/gl1.files/image064.jpg,http://cdo.keu.kz/content/50/49/gl1.files/image081.gif,http://cdo.keu.kz/content/50/49/gl1.files/image083.jpg,http://cdo.keu.kz/content/50/49/gl1.files/image085.jpg,http://cdo.keu.kz/content/50/49/gl1.files/image087.jpg,http://cdo.keu.kz/content/50/49/gl1.files/image088.gif,http://cdo.keu.kz/content/50/49/gl1.files/image090.jpg,http://cdo.keu.kz/content/50/49/gl1.files/image092.jpg,http://cdo.keu.kz/content/50/49/gl1.files/image094.jpg,http://cdo.keu.kz/content/50/49/gl1.files/image096.jpg,http://cdo.keu.kz/content/50/49/gl1.files/image098.jpg,http://cdo.keu.kz/content/50/49/gl1.files/oledata.mso,,,,,,,,,,,,,,,,,,,,,,,,,,,,,,,,,,,,,,,,,,,,,,,,,,,,,,,,,,,,,,,,,,,,,,,,,,,,,,,,,,,,,,,,,,,,,,,,,,,,,,,,,,,,,,,,,,,,,,,,,,,,,,,,
http://cdo.keu.kz/content/55/53/test.htm,,,,,,,,,,,,,,,,,,,,,,,,,,,,,,,,,,,,,,,,,,,,,,,,,,,,,,,,,,,,,,,,,,,,,,,,,,,,,,,,,,,,,,,,,,,,,,,,,,,,,,,,,,,,,,,,,,,,,,,,,,,,,,,,,,,,,,,,,,,,,,,,,,,,,,,,,,,,,,,,,,,,,,,,,,,,,,,,,,,,,,,,,,,,,,,,,,,,,,,,,,,,,,,,,,,,,,,,,,,
http://cdo.keu.kz/content/59/57/1.files/filelist.xml,http://cdo.keu.kz/content/59/57/1.files/header.htm,http://cdo.keu.kz/content/59/57/1.files/image001.jpg,http://cdo.keu.kz/content/59/57/1.files/image002.png,http://cdo.keu.kz/content/59/57/1.files/image003.jpg,http://cdo.keu.kz/content/59/57/1.files/image004.jpg,http://cdo.keu.kz/content/59/57/1.files/image005.jpg,http://cdo.keu.kz/content/59/57/1.files/image006.jpg,http://cdo.keu.kz/content/59/57/1.files/image007.jpg,http://cdo.keu.kz/content/59/57/1.files/image008.jpg,http://cdo.keu.kz/content/59/57/1.files/image009.png,http://cdo.keu.kz/content/59/57/1.files/image010.jpg,http://cdo.keu.kz/content/59/57/1.files/image011.wmz,http://cdo.keu.kz/content/59/57/1.files/image012.gif,http://cdo.keu.kz/content/59/57/1.files/image013.wmz,http://cdo.keu.kz/content/59/57/1.files/image014.gif,http://cdo.keu.kz/content/59/57/1.files/image015.wmz,http://cdo.keu.kz/content/59/57/1.files/image016.gif,http://cdo.keu.kz/content/59/57/1.files/image017.wmz,http://cdo.keu.kz/content/59/57/1.files/image018.gif,http://cdo.keu.kz/content/59/57/1.files/image019.wmz,http://cdo.keu.kz/content/59/57/1.files/image020.gif,http://cdo.keu.kz/content/59/57/1.files/image021.wmz,http://cdo.keu.kz/content/59/57/1.files/image022.gif,http://cdo.keu.kz/content/59/57/1.files/image023.wmz,http://cdo.keu.kz/content/59/57/1.files/image024.gif,http://cdo.keu.kz/content/59/57/1.files/image025.wmz,http://cdo.keu.kz/content/59/57/1.files/image026.gif,http://cdo.keu.kz/content/59/57/1.files/image027.wmz,http://cdo.keu.kz/content/59/57/1.files/image028.gif,http://cdo.keu.kz/content/59/57/1.files/image029.jpg,http://cdo.keu.kz/content/59/57/1.files/image030.jpg,http://cdo.keu.kz/content/59/57/1.files/image031.jpg,http://cdo.keu.kz/content/59/57/1.files/image032.png,http://cdo.keu.kz/content/59/57/1.files/image033.jpg,http://cdo.keu.kz/content/59/57/1.files/image034.wmz,http://cdo.keu.kz/content/59/57/1.files/image035.gif,http://cdo.keu.kz/content/59/57/1.files/image036.png,http://cdo.keu.kz/content/59/57/1.files/image037.jpg,http://cdo.keu.kz/content/59/57/1.files/image038.png,http://cdo.keu.kz/content/59/57/1.files/image039.jpg,http://cdo.keu.kz/content/59/57/1.files/image040.png,http://cdo.keu.kz/content/59/57/1.files/image041.jpg,http://cdo.keu.kz/content/59/57/1.files/image042.jpg,http://cdo.keu.kz/content/59/57/1.files/oledata.mso,http://cdo.keu.kz/content/59/57/40/40.htm,http://cdo.keu.kz/content/59/57/41/41.htm,http://cdo.keu.kz/content/59/57/42/42.htm,http://cdo.keu.kz/content/59/57/57.htm,,,,,,,,,,,,,,,,,,,,,,,,,,,,,,,,,,,,,,,,,,,,,,,,,,,,,,,,,,,,,,,,,,,,,,,,,,,,,,,,,,,,,,,,,,,,,,,,,,,,,,,,,,,,,,,,,,,,,,,,,,,,,,,,,,,,,,,,,,,,,,,,,,,,,,,,,,,,,,,,,,,,,,,,,,,
http://cdo.keu.kz/content/61/59/43/43.htm,http://cdo.keu.kz/content/61/59/44/44.htm,http://cdo.keu.kz/content/61/59/59.htm,http://cdo.keu.kz/content/61/59/gl12.files/filelist.xml,http://cdo.keu.kz/content/61/59/gl12.files/image001.gif,http://cdo.keu.kz/content/61/59/gl12.files/image002.gif,http://cdo.keu.kz/content/61/59/gl12.files/image003.gif,http://cdo.keu.kz/content/61/59/gl12.files/image004.gif,http://cdo.keu.kz/content/61/59/gl12.files/image005.png,http://cdo.keu.kz/content/61/59/gl12.files/image006.jpg,http://cdo.keu.kz/content/61/59/gl12.files/image007.png,http://cdo.keu.kz/content/61/59/gl12.files/image008.jpg,http://cdo.keu.kz/content/61/59/gl12.files/image009.png,http://cdo.keu.kz/content/61/59/gl12.files/image010.jpg,http://cdo.keu.kz/content/61/59/gl12.files/image011.png,http://cdo.keu.kz/content/61/59/gl12.files/image012.jpg,http://cdo.keu.kz/content/61/59/gl12.files/image013.png,http://cdo.keu.kz/content/61/59/gl12.files/image014.jpg,http://cdo.keu.kz/content/61/59/gl12.files/image015.png,http://cdo.keu.kz/content/61/59/gl12.files/image016.jpg,http://cdo.keu.kz/content/61/59/gl12.files/image017.png,http://cdo.keu.kz/content/61/59/gl12.files/image018.jpg,http://cdo.keu.kz/content/61/59/gl12.files/image019.png,http://cdo.keu.kz/content/61/59/gl12.files/image020.jpg,http://cdo.keu.kz/content/61/59/gl12.files/image021.jpg,,,,,,,,,,,,,,,,,,,,,,,,,,,,,,,,,,,,,,,,,,,,,,,,,,,,,,,,,,,,,,,,,,,,,,,,,,,,,,,,,,,,,,,,,,,,,,,,,,,,,,,,,,,,,,,,,,,,,,,,,,,,,,,,,,,,,,,,,,,,,,,,,,,,,,,,,,,,,,,,,,,,,,,,,,,,,,,,,,,,,,,,,,,,,,,,,,,
http://cdo.keu.kz/content/68/66/12.files/editdata.mso,http://cdo.keu.kz/content/68/66/12.files/filelist.xml,http://cdo.keu.kz/content/68/66/12.files/header.htm,http://cdo.keu.kz/content/68/66/12.files/image001.gif,http://cdo.keu.kz/content/68/66/12.files/image002.gif,http://cdo.keu.kz/content/68/66/12.files/image003.gif,http://cdo.keu.kz/content/68/66/12.files/image004.gif,http://cdo.keu.kz/content/68/66/12.files/image005.gif,http://cdo.keu.kz/content/68/66/12.files/image006.gif,http://cdo.keu.kz/content/68/66/12.files/image007.gif,http://cdo.keu.kz/content/68/66/12.files/image008.gif,http://cdo.keu.kz/content/68/66/12.files/image009.gif,http://cdo.keu.kz/content/68/66/12.files/image010.gif,http://cdo.keu.kz/content/68/66/12.files/image011.gif,http://cdo.keu.kz/content/68/66/12.files/image012.gif,http://cdo.keu.kz/content/68/66/12.files/image013.gif,http://cdo.keu.kz/content/68/66/12.files/image014.gif,http://cdo.keu.kz/content/68/66/12.files/image015.gif,http://cdo.keu.kz/content/68/66/12.files/image016.gif,http://cdo.keu.kz/content/68/66/12.files/image017.gif,http://cdo.keu.kz/content/68/66/12.files/image018.gif,http://cdo.keu.kz/content/68/66/12.files/image019.gif,http://cdo.keu.kz/content/68/66/12.files/image020.gif,http://cdo.keu.kz/content/68/66/12.files/image021.gif,http://cdo.keu.kz/content/68/66/12.files/image022.gif,http://cdo.keu.kz/content/68/66/12.files/image023.gif,http://cdo.keu.kz/content/68/66/12.files/image024.gif,http://cdo.keu.kz/content/68/66/12.files/image025.gif,http://cdo.keu.kz/content/68/66/12.files/image026.gif,http://cdo.keu.kz/content/68/66/12.files/image027.gif,http://cdo.keu.kz/content/68/66/12.files/image028.gif,http://cdo.keu.kz/content/68/66/12.files/image029.gif,http://cdo.keu.kz/content/68/66/12.htm,http://cdo.keu.kz/content/68/66/66.htm,,,,,,,,,,,,,,,,,,,,,,,,,,,,,,,,,,,,,,,,,,,,,,,,,,,,,,,,,,,,,,,,,,,,,,,,,,,,,,,,,,,,,,,,,,,,,,,,,,,,,,,,,,,,,,,,,,,,,,,,,,,,,,,,,,,,,,,,,,,,,,,,,,,,,,,,,,,,,,,,,,,,,,,,,,,,,,,,,,,,,,,,,,
http://cdo.keu.kz/content/69/67/45/45.htm,http://cdo.keu.kz/content/69/67/46/46.htm,http://cdo.keu.kz/content/69/67/47/47.htm,http://cdo.keu.kz/content/69/67/48/48.htm,http://cdo.keu.kz/content/69/67/49/49.htm,http://cdo.keu.kz/content/69/67/50/50.htm,http://cdo.keu.kz/content/69/67/51/51.htm,http://cdo.keu.kz/content/69/67/67.htm,http://cdo.keu.kz/content/69/67/lection.files/filelist.xml,http://cdo.keu.kz/content/69/67/lection.files/image001.png,http://cdo.keu.kz/content/69/67/lection.files/image002.gif,http://cdo.keu.kz/content/69/67/lection.files/image003.png,http://cdo.keu.kz/content/69/67/lection.files/image004.gif,http://cdo.keu.kz/content/69/67/lection.files/image005.png,http://cdo.keu.kz/content/69/67/lection.files/image006.gif,http://cdo.keu.kz/content/69/67/lection.files/image007.png,http://cdo.keu.kz/content/69/67/lection.files/image008.gif,http://cdo.keu.kz/content/69/67/lection.files/image009.png,http://cdo.keu.kz/content/69/67/lection.files/image010.gif,http://cdo.keu.kz/content/69/67/lection.files/image011.png,http://cdo.keu.kz/content/69/67/lection.files/image012.gif,http://cdo.keu.kz/content/69/67/lection.files/image013.png,http://cdo.keu.kz/content/69/67/lection.files/image014.gif,http://cdo.keu.kz/content/69/67/lection.files/image015.png,http://cdo.keu.kz/content/69/67/lection.files/image016.gif,http://cdo.keu.kz/content/69/67/lection.files/image017.png,http://cdo.keu.kz/content/69/67/lection.files/image018.gif,http://cdo.keu.kz/content/69/67/lection.files/image019.png,http://cdo.keu.kz/content/69/67/lection.files/image020.gif,http://cdo.keu.kz/content/69/67/lection.files/image021.png,http://cdo.keu.kz/content/69/67/lection.files/image022.gif,http://cdo.keu.kz/content/69/67/lection.files/image023.png,http://cdo.keu.kz/content/69/67/lection.files/image024.gif,http://cdo.keu.kz/content/69/67/lection.files/image025.png,http://cdo.keu.kz/content/69/67/lection.files/image026.gif,http://cdo.keu.kz/content/69/67/lection.files/image027.png,http://cdo.keu.kz/content/69/67/lection.files/image028.gif,http://cdo.keu.kz/content/69/67/lection.files/image029.png,http://cdo.keu.kz/content/69/67/lection.files/image030.gif,,,,,,,,,,,,,,,,,,,,,,,,,,,,,,,,,,,,,,,,,,,,,,,,,,,,,,,,,,,,,,,,,,,,,,,,,,,,,,,,,,,,,,,,,,,,,,,,,,,,,,,,,,,,,,,,,,,,,,,,,,,,,,,,,,,,,,,,,,,,,,,,,,,,,,,,,,,,,,,,,,,,,,,,,,,,,,,,,,,,,
http://cdo.keu.kz/content/70/68/52/52.htm,http://cdo.keu.kz/content/70/68/53/53.htm,http://cdo.keu.kz/content/70/68/54/54.htm,http://cdo.keu.kz/content/70/68/55/55.htm,http://cdo.keu.kz/content/70/68/56/56.htm,http://cdo.keu.kz/content/70/68/57/57.htm,http://cdo.keu.kz/content/70/68/58/58.htm,http://cdo.keu.kz/content/70/68/68.htm,http://cdo.keu.kz/content/70/68/lection.files/filelist.xml,http://cdo.keu.kz/content/70/68/lection.files/image001.png,http://cdo.keu.kz/content/70/68/lection.files/image002.gif,http://cdo.keu.kz/content/70/68/lection.files/image003.png,http://cdo.keu.kz/content/70/68/lection.files/image004.gif,http://cdo.keu.kz/content/70/68/lection.files/image005.png,http://cdo.keu.kz/content/70/68/lection.files/image006.gif,http://cdo.keu.kz/content/70/68/lection.files/image007.png,http://cdo.keu.kz/content/70/68/lection.files/image008.gif,http://cdo.keu.kz/content/70/68/lection.files/image009.png,http://cdo.keu.kz/content/70/68/lection.files/image010.gif,http://cdo.keu.kz/content/70/68/lection.files/image011.png,http://cdo.keu.kz/content/70/68/lection.files/image012.gif,http://cdo.keu.kz/content/70/68/lection.files/image013.png,http://cdo.keu.kz/content/70/68/lection.files/image014.gif,http://cdo.keu.kz/content/70/68/lection.files/image015.png,http://cdo.keu.kz/content/70/68/lection.files/image016.gif,http://cdo.keu.kz/content/70/68/lection.files/image017.png,http://cdo.keu.kz/content/70/68/lection.files/image018.gif,http://cdo.keu.kz/content/70/68/lection.files/image019.png,http://cdo.keu.kz/content/70/68/lection.files/image020.gif,http://cdo.keu.kz/content/70/68/lection.files/image021.png,http://cdo.keu.kz/content/70/68/lection.files/image022.gif,http://cdo.keu.kz/content/70/68/lection.files/image023.png,http://cdo.keu.kz/content/70/68/lection.files/image024.gif,http://cdo.keu.kz/content/70/68/lection.files/image025.png,http://cdo.keu.kz/content/70/68/lection.files/image026.gif,http://cdo.keu.kz/content/70/68/lection.files/image027.png,http://cdo.keu.kz/content/70/68/lection.files/image028.gif,http://cdo.keu.kz/content/70/68/lection.files/image029.png,http://cdo.keu.kz/content/70/68/lection.files/image030.gif,,,,,,,,,,,,,,,,,,,,,,,,,,,,,,,,,,,,,,,,,,,,,,,,,,,,,,,,,,,,,,,,,,,,,,,,,,,,,,,,,,,,,,,,,,,,,,,,,,,,,,,,,,,,,,,,,,,,,,,,,,,,,,,,,,,,,,,,,,,,,,,,,,,,,,,,,,,,,,,,,,,,,,,,,,,,,,,,,,,,,
http://cdo.keu.kz/content/71/69/tests.htm,,,,,,,,,,,,,,,,,,,,,,,,,,,,,,,,,,,,,,,,,,,,,,,,,,,,,,,,,,,,,,,,,,,,,,,,,,,,,,,,,,,,,,,,,,,,,,,,,,,,,,,,,,,,,,,,,,,,,,,,,,,,,,,,,,,,,,,,,,,,,,,,,,,,,,,,,,,,,,,,,,,,,,,,,,,,,,,,,,,,,,,,,,,,,,,,,,,,,,,,,,,,,,,,,,,,,,,,,,,
http://cdo.keu.kz/content/72/105/105.htm,http://cdo.keu.kz/content/72/105/228/228.htm,http://cdo.keu.kz/content/72/105/229/229.htm,http://cdo.keu.kz/content/72/105/230/230.htm,http://cdo.keu.kz/content/72/105/231/231.htm,http://cdo.keu.kz/content/72/105/232/232.htm,http://cdo.keu.kz/content/72/105/233/233.htm,http://cdo.keu.kz/content/72/105/234/234.htm,http://cdo.keu.kz/content/72/105/235/235.htm,http://cdo.keu.kz/content/72/105/236/236.htm,http://cdo.keu.kz/content/72/105/237/237.htm,http://cdo.keu.kz/content/72/105/238/238.htm,http://cdo.keu.kz/content/72/105/239/239.htm,http://cdo.keu.kz/content/72/105/240/240.htm,http://cdo.keu.kz/content/72/105/241/241.htm,http://cdo.keu.kz/content/72/70/59/59.htm,http://cdo.keu.kz/content/72/70/60/60.htm,http://cdo.keu.kz/content/72/70/61/61.htm,http://cdo.keu.kz/content/72/70/62/62.htm,http://cdo.keu.kz/content/72/70/63/63.htm,http://cdo.keu.kz/content/72/70/70.htm,http://cdo.keu.kz/content/72/70/lection.files/filelist.xml,http://cdo.keu.kz/content/72/70/lection.files/image001.gif,http://cdo.keu.kz/content/72/70/lection.files/image002.gif,,,,,,,,,,,,,,,,,,,,,,,,,,,,,,,,,,,,,,,,,,,,,,,,,,,,,,,,,,,,,,,,,,,,,,,,,,,,,,,,,,,,,,,,,,,,,,,,,,,,,,,,,,,,,,,,,,,,,,,,,,,,,,,,,,,,,,,,,,,,,,,,,,,,,,,,,,,,,,,,,,,,,,,,,,,,,,,,,,,,,,,,,,,,,,,,,,,,
http://cdo.keu.kz/content/73/100/100.htm,http://cdo.keu.kz/content/73/100/188/188.htm,http://cdo.keu.kz/content/73/100/189/189.htm,http://cdo.keu.kz/content/73/100/190/190.htm,http://cdo.keu.kz/content/73/100/191/191.htm,http://cdo.keu.kz/content/73/100/192/192.htm,http://cdo.keu.kz/content/73/100/193/193.htm,http://cdo.keu.kz/content/73/100/194/194.htm,http://cdo.keu.kz/content/73/100/195/195.htm,http://cdo.keu.kz/content/73/100/196/196.htm,http://cdo.keu.kz/content/73/100/197/197.htm,http://cdo.keu.kz/content/73/100/198/198.htm,http://cdo.keu.kz/content/73/100/199/199.htm,http://cdo.keu.kz/content/73/100/200/200.htm,http://cdo.keu.kz/content/73/100/201/201.htm,http://cdo.keu.kz/content/73/101/101.htm,http://cdo.keu.kz/content/73/101/202/202.htm,http://cdo.keu.kz/content/73/101/203/203.htm,http://cdo.keu.kz/content/73/101/204/204.htm,http://cdo.keu.kz/content/73/101/205/205.htm,http://cdo.keu.kz/content/73/101/206/206.htm,http://cdo.keu.kz/content/73/101/207/207.htm,http://cdo.keu.kz/content/73/101/208/208.htm,http://cdo.keu.kz/content/73/101/209/209.htm,http://cdo.keu.kz/content/73/101/210/210.htm,http://cdo.keu.kz/content/73/101/211/211.htm,http://cdo.keu.kz/content/73/101/212/212.htm,http://cdo.keu.kz/content/73/101/213/213.htm,http://cdo.keu.kz/content/73/101/214/214.htm,http://cdo.keu.kz/content/73/101/215/215.htm,http://cdo.keu.kz/content/73/71/64/64.htm,http://cdo.keu.kz/content/73/71/65/65.htm,http://cdo.keu.kz/content/73/71/66/66.htm,http://cdo.keu.kz/content/73/71/67/67.htm,http://cdo.keu.kz/content/73/71/68/68.htm,http://cdo.keu.kz/content/73/71/69/69.htm,http://cdo.keu.kz/content/73/71/70/70.htm,http://cdo.keu.kz/content/73/71/71.htm,http://cdo.keu.kz/content/73/71/71/71.htm,http://cdo.keu.kz/content/73/71/72/72.htm,http://cdo.keu.kz/content/73/71/73/73.htm,http://cdo.keu.kz/content/73/71/74/74.htm,http://cdo.keu.kz/content/73/71/75/75.htm,http://cdo.keu.kz/content/73/71/76/76.htm,http://cdo.keu.kz/content/73/71/lection.files/filelist.xml,http://cdo.keu.kz/content/73/71/lection.files/image001.gif,http://cdo.keu.kz/content/73/71/lection.files/image002.gif,http://cdo.keu.kz/content/73/71/lection.files/image003.gif,http://cdo.keu.kz/content/73/71/lection.files/image004.gif,http://cdo.keu.kz/content/73/71/lection.files/image005.gif,http://cdo.keu.kz/content/73/71/lection.files/image006.gif,http://cdo.keu.kz/content/73/71/lection.files/image007.gif,http://cdo.keu.kz/content/73/71/lection.files/image008.gif,http://cdo.keu.kz/content/73/71/lection.files/image009.gif,http://cdo.keu.kz/content/73/71/lection.files/image010.gif,http://cdo.keu.kz/content/73/71/lection.files/image011.gif,http://cdo.keu.kz/content/73/71/lection.files/image012.gif,http://cdo.keu.kz/content/73/71/lection.files/image014.gif,http://cdo.keu.kz/content/73/71/lection.files/image015.gif,http://cdo.keu.kz/content/73/71/lection.files/image016.gif,http://cdo.keu.kz/content/73/71/lection.files/image017.gif,http://cdo.keu.kz/content/73/71/lection.files/image018.gif,http://cdo.keu.kz/content/73/71/lection.files/image019.gif,http://cdo.keu.kz/content/73/71/lection.files/image020.gif,http://cdo.keu.kz/content/73/71/lection.files/image021.gif,http://cdo.keu.kz/content/73/71/lection.files/image022.gif,http://cdo.keu.kz/content/73/71/lection.files/image023.gif,http://cdo.keu.kz/content/73/71/lection.files/image024.gif,http://cdo.keu.kz/content/73/71/lection.files/image025.gif,http://cdo.keu.kz/content/73/71/lection.files/image026.gif,http://cdo.keu.kz/content/73/71/lection.files/image027.gif,http://cdo.keu.kz/content/73/71/lection.files/image028.gif,http://cdo.keu.kz/content/73/71/lection.files/image029.gif,http://cdo.keu.kz/content/73/71/lection.files/image030.gif,http://cdo.keu.kz/content/73/71/lection.files/image031.jpg,,,,,,,,,,,,,,,,,,,,,,,,,,,,,,,,,,,,,,,,,,,,,,,,,,,,,,,,,,,,,,,,,,,,,,,,,,,,,,,,,,,,,,,,,,,,,,,,,,,,,,,,,,,,,,,,,,,,,,,,,,,,,,,,,,,,,,,,,,,,,,,,,
http://cdo.keu.kz/content/74/72/72.htm,http://cdo.keu.kz/content/74/72/77/77.htm,http://cdo.keu.kz/content/74/72/78/78.htm,http://cdo.keu.kz/content/74/72/79/79.htm,http://cdo.keu.kz/content/74/72/80/80.htm,http://cdo.keu.kz/content/74/72/81/81.htm,http://cdo.keu.kz/content/74/72/82/82.htm,http://cdo.keu.kz/content/74/72/83/83.htm,http://cdo.keu.kz/content/74/72/84/84.htm,http://cdo.keu.kz/content/74/72/85/85.htm,http://cdo.keu.kz/content/74/72/86/86.htm,http://cdo.keu.kz/content/74/72/87/87.htm,http://cdo.keu.kz/content/74/72/88/88.htm,http://cdo.keu.kz/content/74/72/89/89.htm,http://cdo.keu.kz/content/74/72/90/90.htm,http://cdo.keu.kz/content/74/72/91/91.htm,http://cdo.keu.kz/content/74/72/92/92.htm,http://cdo.keu.kz/content/74/72/93/93.htm,,,,,,,,,,,,,,,,,,,,,,,,,,,,,,,,,,,,,,,,,,,,,,,,,,,,,,,,,,,,,,,,,,,,,,,,,,,,,,,,,,,,,,,,,,,,,,,,,,,,,,,,,,,,,,,,,,,,,,,,,,,,,,,,,,,,,,,,,,,,,,,,,,,,,,,,,,,,,,,,,,,,,,,,,,,,,,,,,,,,,,,,,,,,,,,,,,,,,,,,,,
http://cdo.keu.kz/content/76/83/test.htm,,,,,,,,,,,,,,,,,,,,,,,,,,,,,,,,,,,,,,,,,,,,,,,,,,,,,,,,,,,,,,,,,,,,,,,,,,,,,,,,,,,,,,,,,,,,,,,,,,,,,,,,,,,,,,,,,,,,,,,,,,,,,,,,,,,,,,,,,,,,,,,,,,,,,,,,,,,,,,,,,,,,,,,,,,,,,,,,,,,,,,,,,,,,,,,,,,,,,,,,,,,,,,,,,,,,,,,,,,,
http://cdo.keu.kz/content/77/84/filosof.test.htm,,,,,,,,,,,,,,,,,,,,,,,,,,,,,,,,,,,,,,,,,,,,,,,,,,,,,,,,,,,,,,,,,,,,,,,,,,,,,,,,,,,,,,,,,,,,,,,,,,,,,,,,,,,,,,,,,,,,,,,,,,,,,,,,,,,,,,,,,,,,,,,,,,,,,,,,,,,,,,,,,,,,,,,,,,,,,,,,,,,,,,,,,,,,,,,,,,,,,,,,,,,,,,,,,,,,,,,,,,,
http://cdo.keu.kz/content/78/85/test.htm,,,,,,,,,,,,,,,,,,,,,,,,,,,,,,,,,,,,,,,,,,,,,,,,,,,,,,,,,,,,,,,,,,,,,,,,,,,,,,,,,,,,,,,,,,,,,,,,,,,,,,,,,,,,,,,,,,,,,,,,,,,,,,,,,,,,,,,,,,,,,,,,,,,,,,,,,,,,,,,,,,,,,,,,,,,,,,,,,,,,,,,,,,,,,,,,,,,,,,,,,,,,,,,,,,,,,,,,,,,
http://cdo.keu.kz/content/81/88/88.htm,http://cdo.keu.kz/content/81/88/94/94.htm,http://cdo.keu.kz/content/81/88/95/95.htm,http://cdo.keu.kz/content/81/88/96/96.htm,http://cdo.keu.kz/content/81/88/97/97.htm,http://cdo.keu.kz/content/81/88/98/98.htm,http://cdo.keu.kz/content/81/88/ver88.htm,,,,,,,,,,,,,,,,,,,,,,,,,,,,,,,,,,,,,,,,,,,,,,,,,,,,,,,,,,,,,,,,,,,,,,,,,,,,,,,,,,,,,,,,,,,,,,,,,,,,,,,,,,,,,,,,,,,,,,,,,,,,,,,,,,,,,,,,,,,,,,,,,,,,,,,,,,,,,,,,,,,,,,,,,,,,,,,,,,,,,,,,,,,,,,,,,,,,,,,,,,,,,,,,,,,,,
http://cdo.keu.kz/content/83/90/90.htm,http://cdo.keu.kz/content/83/90/ver90.htm,,,,,,,,,,,,,,,,,,,,,,,,,,,,,,,,,,,,,,,,,,,,,,,,,,,,,,,,,,,,,,,,,,,,,,,,,,,,,,,,,,,,,,,,,,,,,,,,,,,,,,,,,,,,,,,,,,,,,,,,,,,,,,,,,,,,,,,,,,,,,,,,,,,,,,,,,,,,,,,,,,,,,,,,,,,,,,,,,,,,,,,,,,,,,,,,,,,,,,,,,,,,,,,,,,,,,,,,,,
http://cdo.keu.kz/content/86/93/100/100.htm,http://cdo.keu.kz/content/86/93/101/101.htm,http://cdo.keu.kz/content/86/93/102/102.htm,http://cdo.keu.kz/content/86/93/103/103.htm,http://cdo.keu.kz/content/86/93/93.htm,http://cdo.keu.kz/content/86/93/99/99.htm,http://cdo.keu.kz/content/86/93/ver93.htm,,,,,,,,,,,,,,,,,,,,,,,,,,,,,,,,,,,,,,,,,,,,,,,,,,,,,,,,,,,,,,,,,,,,,,,,,,,,,,,,,,,,,,,,,,,,,,,,,,,,,,,,,,,,,,,,,,,,,,,,,,,,,,,,,,,,,,,,,,,,,,,,,,,,,,,,,,,,,,,,,,,,,,,,,,,,,,,,,,,,,,,,,,,,,,,,,,,,,,,,,,,,,,,,,,,,,
http://cdo.keu.kz/content/87/94/104/104.htm,http://cdo.keu.kz/content/87/94/105/105.htm,http://cdo.keu.kz/content/87/94/106/106.htm,http://cdo.keu.kz/content/87/94/107/107.htm,http://cdo.keu.kz/content/87/94/108/108.htm,http://cdo.keu.kz/content/87/94/109/109.htm,http://cdo.keu.kz/content/87/94/110/110.htm,http://cdo.keu.kz/content/87/94/111/111.htm,http://cdo.keu.kz/content/87/94/112/112.htm,http://cdo.keu.kz/content/87/94/113/113.htm,http://cdo.keu.kz/content/87/94/114/114.htm,http://cdo.keu.kz/content/87/94/115/115.htm,http://cdo.keu.kz/content/87/94/116/116.htm,http://cdo.keu.kz/content/87/94/117/117.htm,http://cdo.keu.kz/content/87/94/118/118.htm,http://cdo.keu.kz/content/87/94/119/119.htm,http://cdo.keu.kz/content/87/94/120/120.htm,http://cdo.keu.kz/content/87/94/121/121.htm,http://cdo.keu.kz/content/87/94/94.htm,http://cdo.keu.kz/content/87/95/122/122.htm,http://cdo.keu.kz/content/87/95/123/123.htm,http://cdo.keu.kz/content/87/95/124/124.htm,http://cdo.keu.kz/content/87/95/125/125.htm,http://cdo.keu.kz/content/87/95/126/126.htm,http://cdo.keu.kz/content/87/95/127/127.htm,http://cdo.keu.kz/content/87/95/128/128.htm,http://cdo.keu.kz/content/87/95/129/129.htm,http://cdo.keu.kz/content/87/95/130/130.htm,http://cdo.keu.kz/content/87/95/131/131.htm,http://cdo.keu.kz/content/87/95/132/132.htm,http://cdo.keu.kz/content/87/95/133/133.htm,http://cdo.keu.kz/content/87/95/134/134.htm,http://cdo.keu.kz/content/87/95/135/135.htm,http://cdo.keu.kz/content/87/95/136/136.htm,http://cdo.keu.kz/content/87/95/137/137.htm,http://cdo.keu.kz/content/87/95/138/138.htm,http://cdo.keu.kz/content/87/95/139/139.htm,http://cdo.keu.kz/content/87/95/95.htm,,,,,,,,,,,,,,,,,,,,,,,,,,,,,,,,,,,,,,,,,,,,,,,,,,,,,,,,,,,,,,,,,,,,,,,,,,,,,,,,,,,,,,,,,,,,,,,,,,,,,,,,,,,,,,,,,,,,,,,,,,,,,,,,,,,,,,,,,,,,,,,,,,,,,,,,,,,,,,,,,,,,,,,,,,,,,,,,,,,,,,
http://cdo.keu.kz/content/88/96/140/140.htm,http://cdo.keu.kz/content/88/96/141/141.htm,http://cdo.keu.kz/content/88/96/142/142.htm,http://cdo.keu.kz/content/88/96/143/143.htm,http://cdo.keu.kz/content/88/96/144/144.htm,http://cdo.keu.kz/content/88/96/145/145.htm,http://cdo.keu.kz/content/88/96/146/146.htm,http://cdo.keu.kz/content/88/96/147/147.htm,http://cdo.keu.kz/content/88/96/148/148.htm,http://cdo.keu.kz/content/88/96/149/149.htm,http://cdo.keu.kz/content/88/96/150/150.htm,http://cdo.keu.kz/content/88/96/151/151.htm,http://cdo.keu.kz/content/88/96/152/152.htm,http://cdo.keu.kz/content/88/96/153/153.htm,http://cdo.keu.kz/content/88/96/154/154.htm,http://cdo.keu.kz/content/88/96/155/155.htm,http://cdo.keu.kz/content/88/96/156/156.htm,http://cdo.keu.kz/content/88/96/157/157.htm,http://cdo.keu.kz/content/88/96/96.htm,,,,,,,,,,,,,,,,,,,,,,,,,,,,,,,,,,,,,,,,,,,,,,,,,,,,,,,,,,,,,,,,,,,,,,,,,,,,,,,,,,,,,,,,,,,,,,,,,,,,,,,,,,,,,,,,,,,,,,,,,,,,,,,,,,,,,,,,,,,,,,,,,,,,,,,,,,,,,,,,,,,,,,,,,,,,,,,,,,,,,,,,,,,,,,,,,,,,,,,,,
http://cdo.keu.kz/content/89/107/107.htm,http://cdo.keu.kz/content/89/107/242/242.htm,http://cdo.keu.kz/content/89/107/243/243.htm,http://cdo.keu.kz/content/89/107/244/244.htm,http://cdo.keu.kz/content/89/107/245/245.htm,http://cdo.keu.kz/content/89/107/246/246.htm,http://cdo.keu.kz/content/89/107/247/247.htm,http://cdo.keu.kz/content/89/107/248/248.htm,http://cdo.keu.kz/content/89/107/249/249.htm,http://cdo.keu.kz/content/89/107/250/250.htm,http://cdo.keu.kz/content/89/107/251/251.htm,http://cdo.keu.kz/content/89/107/252/252.htm,http://cdo.keu.kz/content/89/107/253/253.htm,http://cdo.keu.kz/content/89/107/254/254.htm,http://cdo.keu.kz/content/89/107/255/255.htm,http://cdo.keu.kz/content/89/107/256/256.htm,http://cdo.keu.kz/content/89/107/257/257.htm,http://cdo.keu.kz/content/89/107/258/258.htm,http://cdo.keu.kz/content/89/107/259/259.htm,http://cdo.keu.kz/content/89/455/1105/1105.htm,http://cdo.keu.kz/content/89/455/1106/1106.htm,http://cdo.keu.kz/content/89/455/1107/1107.htm,http://cdo.keu.kz/content/89/455/1108/1108.htm,http://cdo.keu.kz/content/89/455/1109/1109.htm,http://cdo.keu.kz/content/89/455/1110/1110.htm,http://cdo.keu.kz/content/89/455/1111/1111.htm,http://cdo.keu.kz/content/89/455/1112/1112.htm,http://cdo.keu.kz/content/89/455/1113/1113.htm,http://cdo.keu.kz/content/89/455/1114/1114.htm,http://cdo.keu.kz/content/89/455/1115/1115.htm,http://cdo.keu.kz/content/89/455/1116/1116.htm,http://cdo.keu.kz/content/89/455/1117/1117.htm,http://cdo.keu.kz/content/89/455/1118/1118.htm,http://cdo.keu.kz/content/89/455/1119/1119.htm,http://cdo.keu.kz/content/89/455/1120/1120.htm,http://cdo.keu.kz/content/89/455/1121/1121.htm,http://cdo.keu.kz/content/89/455/1122/1122.htm,http://cdo.keu.kz/content/89/455/455.htm,http://cdo.keu.kz/content/89/97/158/158.htm,http://cdo.keu.kz/content/89/97/159/159.htm,http://cdo.keu.kz/content/89/97/160/160.htm,http://cdo.keu.kz/content/89/97/161/161.htm,http://cdo.keu.kz/content/89/97/162/162.htm,http://cdo.keu.kz/content/89/97/163/163.htm,http://cdo.keu.kz/content/89/97/164/164.htm,http://cdo.keu.kz/content/89/97/165/165.htm,http://cdo.keu.kz/content/89/97/166/166.htm,http://cdo.keu.kz/content/89/97/167/167.htm,http://cdo.keu.kz/content/89/97/168/168.htm,http://cdo.keu.kz/content/89/97/169/169.htm,http://cdo.keu.kz/content/89/97/170/170.htm,http://cdo.keu.kz/content/89/97/171/171.htm,http://cdo.keu.kz/content/89/97/172/172.htm,http://cdo.keu.kz/content/89/97/173/173.htm,http://cdo.keu.kz/content/89/97/174/174.htm,http://cdo.keu.kz/content/89/97/175/175.htm,http://cdo.keu.kz/content/89/97/97.htm,,,,,,,,,,,,,,,,,,,,,,,,,,,,,,,,,,,,,,,,,,,,,,,,,,,,,,,,,,,,,,,,,,,,,,,,,,,,,,,,,,,,,,,,,,,,,,,,,,,,,,,,,,,,,,,,,,,,,,,,,,,,,,,,,,,,,,,,,,,,,,,,,,,,,,,,,,,,,,,,,,,
http://cdo.keu.kz/content/90/98/176/176.htm,http://cdo.keu.kz/content/90/98/177/177.htm,http://cdo.keu.kz/content/90/98/178/178.htm,http://cdo.keu.kz/content/90/98/179/179.htm,http://cdo.keu.kz/content/90/98/180/180.htm,http://cdo.keu.kz/content/90/98/181/181.htm,http://cdo.keu.kz/content/90/98/98.htm,,,,,,,,,,,,,,,,,,,,,,,,,,,,,,,,,,,,,,,,,,,,,,,,,,,,,,,,,,,,,,,,,,,,,,,,,,,,,,,,,,,,,,,,,,,,,,,,,,,,,,,,,,,,,,,,,,,,,,,,,,,,,,,,,,,,,,,,,,,,,,,,,,,,,,,,,,,,,,,,,,,,,,,,,,,,,,,,,,,,,,,,,,,,,,,,,,,,,,,,,,,,,,,,,,,,,
http://cdo.keu.kz/content/91/99/182/182.htm,http://cdo.keu.kz/content/91/99/183/183.htm,http://cdo.keu.kz/content/91/99/184/184.htm,http://cdo.keu.kz/content/91/99/185/185.htm,http://cdo.keu.kz/content/91/99/186/186.htm,http://cdo.keu.kz/content/91/99/187/187.htm,http://cdo.keu.kz/content/91/99/99.htm,,,,,,,,,,,,,,,,,,,,,,,,,,,,,,,,,,,,,,,,,,,,,,,,,,,,,,,,,,,,,,,,,,,,,,,,,,,,,,,,,,,,,,,,,,,,,,,,,,,,,,,,,,,,,,,,,,,,,,,,,,,,,,,,,,,,,,,,,,,,,,,,,,,,,,,,,,,,,,,,,,,,,,,,,,,,,,,,,,,,,,,,,,,,,,,,,,,,,,,,,,,,,,,,,,,,,
http://cdo.keu.kz/content/92/102/test.htm,,,,,,,,,,,,,,,,,,,,,,,,,,,,,,,,,,,,,,,,,,,,,,,,,,,,,,,,,,,,,,,,,,,,,,,,,,,,,,,,,,,,,,,,,,,,,,,,,,,,,,,,,,,,,,,,,,,,,,,,,,,,,,,,,,,,,,,,,,,,,,,,,,,,,,,,,,,,,,,,,,,,,,,,,,,,,,,,,,,,,,,,,,,,,,,,,,,,,,,,,,,,,,,,,,,,,,,,,,,
http://cdo.keu.kz/content/93/103/103.htm,http://cdo.keu.kz/content/93/103/216/216.htm,http://cdo.keu.kz/content/93/103/217/217.htm,http://cdo.keu.kz/content/93/103/218/218.htm,http://cdo.keu.kz/content/93/103/219/219.htm,http://cdo.keu.kz/content/93/103/220/220.htm,http://cdo.keu.kz/content/93/103/221/221.htm,http://cdo.keu.kz/content/93/104/104.htm,http://cdo.keu.kz/content/93/104/222/222.htm,http://cdo.keu.kz/content/93/104/223/223.htm,http://cdo.keu.kz/content/93/104/224/224.htm,http://cdo.keu.kz/content/93/104/225/225.htm,http://cdo.keu.kz/content/93/104/226/226.htm,http://cdo.keu.kz/content/93/104/227/227.htm,,,,,,,,,,,,,,,,,,,,,,,,,,,,,,,,,,,,,,,,,,,,,,,,,,,,,,,,,,,,,,,,,,,,,,,,,,,,,,,,,,,,,,,,,,,,,,,,,,,,,,,,,,,,,,,,,,,,,,,,,,,,,,,,,,,,,,,,,,,,,,,,,,,,,,,,,,,,,,,,,,,,,,,,,,,,,,,,,,,,,,,,,,,,,,,,,,,,,,,,,,,,,,
http://cdo.keu.kz/content/94/106/filosof.test.htm,,,,,,,,,,,,,,,,,,,,,,,,,,,,,,,,,,,,,,,,,,,,,,,,,,,,,,,,,,,,,,,,,,,,,,,,,,,,,,,,,,,,,,,,,,,,,,,,,,,,,,,,,,,,,,,,,,,,,,,,,,,,,,,,,,,,,,,,,,,,,,,,,,,,,,,,,,,,,,,,,,,,,,,,,,,,,,,,,,,,,,,,,,,,,,,,,,,,,,,,,,,,,,,,,,,,,,,,,,,
http://cdo.keu.kz/content/95/108/test.htm,,,,,,,,,,,,,,,,,,,,,,,,,,,,,,,,,,,,,,,,,,,,,,,,,,,,,,,,,,,,,,,,,,,,,,,,,,,,,,,,,,,,,,,,,,,,,,,,,,,,,,,,,,,,,,,,,,,,,,,,,,,,,,,,,,,,,,,,,,,,,,,,,,,,,,,,,,,,,,,,,,,,,,,,,,,,,,,,,,,,,,,,,,,,,,,,,,,,,,,,,,,,,,,,,,,,,,,,,,,
http://cdo.keu.kz/content/96/109/test.htm,,,,,,,,,,,,,,,,,,,,,,,,,,,,,,,,,,,,,,,,,,,,,,,,,,,,,,,,,,,,,,,,,,,,,,,,,,,,,,,,,,,,,,,,,,,,,,,,,,,,,,,,,,,,,,,,,,,,,,,,,,,,,,,,,,,,,,,,,,,,,,,,,,,,,,,,,,,,,,,,,,,,,,,,,,,,,,,,,,,,,,,,,,,,,,,,,,,,,,,,,,,,,,,,,,,,,,,,,,,
http://cdo.keu.kz/content/97/110/test.kazah.htm,,,,,,,,,,,,,,,,,,,,,,,,,,,,,,,,,,,,,,,,,,,,,,,,,,,,,,,,,,,,,,,,,,,,,,,,,,,,,,,,,,,,,,,,,,,,,,,,,,,,,,,,,,,,,,,,,,,,,,,,,,,,,,,,,,,,,,,,,,,,,,,,,,,,,,,,,,,,,,,,,,,,,,,,,,,,,,,,,,,,,,,,,,,,,,,,,,,,,,,,,,,,,,,,,,,,,,,,,,,
http://cdo.keu.kz/content/98/111/filosof2.htm,,,,,,,,,,,,,,,,,,,,,,,,,,,,,,,,,,,,,,,,,,,,,,,,,,,,,,,,,,,,,,,,,,,,,,,,,,,,,,,,,,,,,,,,,,,,,,,,,,,,,,,,,,,,,,,,,,,,,,,,,,,,,,,,,,,,,,,,,,,,,,,,,,,,,,,,,,,,,,,,,,,,,,,,,,,,,,,,,,,,,,,,,,,,,,,,,,,,,,,,,,,,,,,,,,,,,,,,,,,
http://cdo.keu.kz/content/99/112/test.2.htm,,,,,,,,,,,,,,,,,,,,,,,,,,,,,,,,,,,,,,,,,,,,,,,,,,,,,,,,,,,,,,,,,,,,,,,,,,,,,,,,,,,,,,,,,,,,,,,,,,,,,,,,,,,,,,,,,,,,,,,,,,,,,,,,,,,,,,,,,,,,,,,,,,,,,,,,,,,,,,,,,,,,,,,,,,,,,,,,,,,,,,,,,,,,,,,,,,,,,,,,,,,,,,,,,,,,,,,,,,,
http://cdo.keu.kz/content/100/113/test.2.htm,,,,,,,,,,,,,,,,,,,,,,,,,,,,,,,,,,,,,,,,,,,,,,,,,,,,,,,,,,,,,,,,,,,,,,,,,,,,,,,,,,,,,,,,,,,,,,,,,,,,,,,,,,,,,,,,,,,,,,,,,,,,,,,,,,,,,,,,,,,,,,,,,,,,,,,,,,,,,,,,,,,,,,,,,,,,,,,,,,,,,,,,,,,,,,,,,,,,,,,,,,,,,,,,,,,,,,,,,,,
